档位,本期政策,需求满足率,订购率,订足面,订足率（中烟）,订足率(济南),户均条数,下期政策,价位,是否省内
30,8,1.00 ,0.67 ,1.00 ,0.00 ,1.00 ,8,8,583,0
29,8,0.84 ,0.63 ,0.73 ,0.00 ,0.87 ,6.7,8,583,0
28,8,0.95 ,0.38 ,0.55 ,0.00 ,0.74 ,5.8,8,583,0
27,7,0.91 ,0.28 ,0.55 ,0.00 ,0.77 ,5,7,583,0
26,7,0.95 ,0.21 ,0.47 ,0.00 ,0.73 ,4.5,7,583,0
25,6,0.90 ,0.17 ,0.48 ,0.00 ,0.71 ,3.9,6,583,0
24,6,0.95 ,0.13 ,0.41 ,0.00 ,0.67 ,3.6,6,583,0
23,5,0.84 ,0.10 ,0.49 ,0.00 ,0.76 ,3.1,5,583,0
22,4,0.89 ,0.06 ,0.46 ,0.00 ,0.66 ,2.6,4,583,0
21,3,0.85 ,0.05 ,0.63 ,0.00 ,0.79 ,2.2,3,583,0
20,2,0.54 ,0.05 ,0.80 ,0.00 ,0.92 ,1.7,2,583,0
19,2,0.72 ,0.02 ,0.82 ,0.00 ,0.90 ,1.7,2,583,0
18,2,0.47 ,0.04 ,0.60 ,0.00 ,0.78 ,1.4,2,583,0
17,2,0.97 ,0.02 ,0.68 ,0.00 ,0.87 ,1.4,2,583,0
16,2,0.73 ,0.02 ,0.75 ,0.00 ,0.93 ,1.5,2,583,0
15,2,0.68 ,0.05 ,0.69 ,0.00 ,0.85 ,1.4,2,583,0
14,0,0.00 ,0.00 ,-,0.00 ,-,-,1,583,0
13,0,0.00 ,0.00 ,-,0.00 ,-,-,1,583,0
12,0,0.00 ,0.00 ,-,0.00 ,-,-,1,583,0
11,0,-,0.00 ,-,0.00 ,-,-,1,583,0
10,0,0.00 ,0.00 ,-,0.00 ,-,-,0,583,0
9,0,0.00 ,0.00 ,-,0.00 ,-,-,0,583,0
8,0,0.00 ,0.00 ,-,0.00 ,-,-,0,583,0
7,0,0.00 ,0.00 ,-,0.00 ,-,-,0,583,0
6,0,0.00 ,0.00 ,-,0.00 ,-,-,0,583,0
5,0,0.00 ,0.00 ,-,0.00 ,-,-,0,583,0
4,0,0.00 ,0.00 ,-,0.00 ,-,-,0,583,0
3,0,0.00 ,0.00 ,-,0.00 ,-,-,0,583,0
2,0,0.00 ,0.00 ,-,0.00 ,-,-,0,583,0
1,0,0.00 ,0.00 ,-,0.00 ,-,-,0,583,0
30,2,0.92 ,1.00 ,1.00 ,0.00 ,1.00 ,2,3,424,0
29,2,0.58 ,0.91 ,1.00 ,0.00 ,1.00 ,1.9,3,424,0
28,2,0.57 ,0.86 ,0.99 ,0.00 ,1.00 ,1.8,3,424,0
27,2,0.65 ,0.79 ,0.99 ,0.00 ,1.00 ,1.8,3,424,0
26,2,0.58 ,0.60 ,1.00 ,0.00 ,1.00 ,2,2,424,0
25,2,0.63 ,0.54 ,0.97 ,0.00 ,0.99 ,2,2,424,0
24,1,0.40 ,0.47 ,1.00 ,0.00 ,1.00 ,1,2,424,0
23,1,0.23 ,0.33 ,1.00 ,0.00 ,1.00 ,1,1,424,0
22,1,0.47 ,0.25 ,0.99 ,0.00 ,1.00 ,1,1,424,0
21,0,0.00 ,0.00 ,-,0.00 ,-,-,0,424,0
20,0,0.00 ,0.00 ,-,0.00 ,-,-,0,424,0
19,0,0.00 ,0.00 ,-,0.00 ,-,-,0,424,0
18,0,0.00 ,0.00 ,-,0.00 ,-,-,0,424,0
17,0,0.00 ,0.00 ,-,0.00 ,-,-,0,424,0
16,0,0.00 ,0.00 ,-,0.00 ,-,-,0,424,0
15,0,0.00 ,0.00 ,-,0.00 ,-,-,0,424,0
14,0,0.00 ,0.00 ,-,0.00 ,-,-,0,424,0
13,0,0.00 ,0.00 ,-,0.00 ,-,-,0,424,0
12,0,0.00 ,0.00 ,-,0.00 ,-,-,0,424,0
11,0,0.00 ,0.00 ,-,0.00 ,-,-,0,424,0
10,0,0.00 ,0.00 ,-,0.00 ,-,-,0,424,0
9,0,0.00 ,0.00 ,-,0.00 ,-,-,0,424,0
8,0,0.00 ,0.00 ,-,0.00 ,-,-,0,424,0
7,0,0.00 ,0.00 ,-,0.00 ,-,-,0,424,0
6,0,0.00 ,0.00 ,-,0.00 ,-,-,0,424,0
5,0,0.00 ,0.00 ,-,0.00 ,-,-,0,424,0
4,0,0.00 ,0.00 ,-,0.00 ,-,-,0,424,0
3,0,-,0.00 ,-,0.00 ,-,-,0,424,0
2,0,-,0.00 ,-,0.00 ,-,-,0,424,0
1,0,0.00 ,0.00 ,-,0.00 ,-,-,0,424,0
30,7,1.00 ,0.67 ,1.00 ,0.00 ,1.00 ,6,7,381.6,0
29,7,0.78 ,0.68 ,0.76 ,0.00 ,0.87 ,5.3,7,381.6,0
28,7,0.85 ,0.47 ,0.60 ,0.00 ,0.77 ,4.7,7,381.6,0
27,6,0.87 ,0.37 ,0.49 ,0.00 ,0.68 ,4.2,6,381.6,0
26,6,0.76 ,0.29 ,0.46 ,0.00 ,0.69 ,3.9,6,381.6,0
25,6,0.95 ,0.26 ,0.38 ,0.00 ,0.60 ,3.6,6,381.6,0
24,5,0.93 ,0.18 ,0.40 ,0.00 ,0.63 ,3.1,5,381.6,0
23,5,0.93 ,0.14 ,0.35 ,0.00 ,0.61 ,2.7,5,381.6,0
22,4,0.89 ,0.10 ,0.39 ,0.00 ,0.60 ,2.4,4,381.6,0
21,4,0.89 ,0.08 ,0.34 ,0.00 ,0.56 ,2.3,4,381.6,0
20,3,0.69 ,0.07 ,0.54 ,0.00 ,0.72 ,2,3,381.6,0
19,3,0.83 ,0.05 ,0.47 ,0.00 ,0.68 ,1.9,3,381.6,0
18,3,0.62 ,0.05 ,0.49 ,0.00 ,0.69 ,1.9,3,381.6,0
17,2,0.79 ,0.05 ,0.78 ,0.00 ,0.91 ,1.5,2,381.6,0
16,2,0.62 ,0.04 ,0.68 ,0.00 ,0.77 ,1.4,2,381.6,0
15,2,0.46 ,0.07 ,0.75 ,0.00 ,0.85 ,1.4,2,381.6,0
14,0,0.00 ,0.00 ,-,0.00 ,-,-,0,381.6,0
13,0,0.00 ,0.00 ,-,0.00 ,-,-,0,381.6,0
12,0,0.00 ,0.00 ,-,0.00 ,-,-,0,381.6,0
11,0,0.00 ,0.00 ,-,0.00 ,-,-,0,381.6,0
10,0,0.00 ,0.00 ,-,0.00 ,-,-,0,381.6,0
9,0,0.00 ,0.00 ,-,0.00 ,-,-,0,381.6,0
8,0,0.00 ,0.00 ,-,0.00 ,-,-,0,381.6,0
7,0,0.00 ,0.00 ,-,0.00 ,-,-,0,381.6,0
6,0,0.00 ,0.00 ,-,0.00 ,-,-,0,381.6,0
5,0,0.00 ,0.00 ,-,0.00 ,-,-,0,381.6,0
4,0,0.00 ,0.00 ,-,0.00 ,-,-,0,381.6,0
3,0,0.00 ,0.00 ,-,0.00 ,-,-,0,381.6,0
2,0,0.00 ,0.00 ,-,0.00 ,-,-,0,381.6,0
1,0,0.00 ,0.00 ,-,0.00 ,-,-,0,381.6,0
30,9,0.00 ,0.17 ,0.00 ,0.00 ,-,0,9,455.8,0
29,7,0.45 ,0.22 ,0.64 ,0.00 ,0.77 ,5.8,7,455.8,0
28,6,0.46 ,0.16 ,0.62 ,0.00 ,0.78 ,4.6,6,455.8,0
27,5,0.41 ,0.11 ,0.71 ,0.00 ,0.84 ,4.2,5,455.8,0
26,4,0.48 ,0.08 ,0.42 ,0.00 ,0.67 ,2.5,4,455.8,0
25,4,0.58 ,0.09 ,0.56 ,0.00 ,0.77 ,2.7,4,455.8,0
24,3,0.41 ,0.06 ,0.59 ,0.00 ,0.74 ,2.3,3,455.8,0
23,2,0.33 ,0.04 ,0.76 ,0.00 ,0.86 ,1.6,2,455.8,0
22,2,0.21 ,0.02 ,0.78 ,0.00 ,0.85 ,1.4,2,455.8,0
21,2,0.31 ,0.03 ,0.76 ,0.00 ,0.85 ,1.7,2,455.8,0
20,1,0.11 ,0.01 ,1.00 ,0.00 ,1.00 ,1,1,455.8,0
19,1,0.13 ,0.01 ,1.00 ,0.00 ,1.00 ,1,1,455.8,0
18,1,0.21 ,0.01 ,1.00 ,0.00 ,1.00 ,1,1,455.8,0
17,1,0.11 ,0.01 ,0.78 ,0.00 ,1.00 ,0.8,1,455.8,0
16,1,0.13 ,0.00 ,1.00 ,0.00 ,1.00 ,1,1,455.8,0
15,1,0.28 ,0.01 ,1.00 ,0.00 ,1.00 ,1,1,455.8,0
14,0,0.00 ,0.00 ,-,0.00 ,-,-,0,455.8,0
13,0,0.00 ,0.00 ,-,0.00 ,-,-,0,455.8,0
12,0,0.00 ,0.00 ,-,0.00 ,-,-,0,455.8,0
11,0,0.00 ,0.00 ,-,0.00 ,-,-,0,455.8,0
10,0,0.00 ,0.00 ,-,0.00 ,-,-,0,455.8,0
9,0,0.00 ,0.00 ,-,0.00 ,-,-,0,455.8,0
8,0,0.00 ,0.00 ,-,0.00 ,-,-,0,455.8,0
7,0,0.00 ,0.00 ,-,0.00 ,-,-,0,455.8,0
6,0,0.00 ,0.00 ,-,0.00 ,-,-,0,455.8,0
5,0,0.00 ,0.00 ,-,0.00 ,-,-,0,455.8,0
4,0,0.00 ,0.00 ,-,0.00 ,-,-,0,455.8,0
3,0,-,0.00 ,-,0.00 ,-,-,0,455.8,0
2,0,0.00 ,0.00 ,-,0.00 ,-,-,0,455.8,0
1,0,0.00 ,0.00 ,-,0.00 ,-,-,0,455.8,0
30,9,1.00 ,0.17 ,1.00 ,0.00 ,1.00 ,9,9,424,0
29,7,0.87 ,0.40 ,0.43 ,0.00 ,0.65 ,4.7,7,424,0
28,7,0.97 ,0.27 ,0.35 ,0.00 ,0.60 ,4.1,7,424,0
27,6,0.93 ,0.23 ,0.29 ,0.00 ,0.54 ,3.2,6,424,0
26,6,0.95 ,0.18 ,0.29 ,0.00 ,0.50 ,3.4,6,424,0
25,5,0.98 ,0.17 ,0.29 ,0.00 ,0.54 ,2.7,5,424,0
24,5,0.95 ,0.13 ,0.22 ,0.00 ,0.46 ,2.4,5,424,0
23,4,0.65 ,0.10 ,0.26 ,0.00 ,0.48 ,2.2,4,424,0
22,4,0.90 ,0.08 ,0.24 ,0.00 ,0.42 ,2.2,4,424,0
21,4,0.91 ,0.07 ,0.22 ,0.00 ,0.44 ,2,4,424,0
20,3,0.66 ,0.06 ,0.41 ,0.00 ,0.61 ,2,3,424,0
19,3,0.84 ,0.04 ,0.33 ,0.00 ,0.53 ,1.9,3,424,0
18,3,0.71 ,0.04 ,0.32 ,0.00 ,0.52 ,1.9,3,424,0
17,2,0.69 ,0.03 ,0.48 ,0.00 ,0.71 ,1.4,2,424,0
16,2,0.81 ,0.03 ,0.69 ,0.00 ,0.81 ,1.7,2,424,0
15,2,0.83 ,0.04 ,0.70 ,0.00 ,0.82 ,1.7,2,424,0
14,1,0.55 ,0.02 ,0.95 ,0.00 ,1.00 ,1,1,424,0
13,1,0.68 ,0.02 ,1.00 ,0.00 ,1.00 ,1,1,424,0
12,1,0.46 ,0.01 ,1.00 ,0.00 ,1.00 ,1,1,424,0
11,1,0.80 ,0.01 ,1.00 ,0.00 ,1.00 ,1,1,424,0
10,0,0.00 ,0.00 ,-,0.00 ,-,-,0,424,0
9,0,0.00 ,0.00 ,-,0.00 ,-,-,0,424,0
8,0,0.00 ,0.00 ,-,0.00 ,-,-,0,424,0
7,0,0.00 ,0.00 ,-,0.00 ,-,-,0,424,0
6,0,0.00 ,0.00 ,-,0.00 ,-,-,0,424,0
5,0,0.00 ,0.00 ,-,0.00 ,-,-,0,424,0
4,0,0.00 ,0.00 ,-,0.00 ,-,-,0,424,0
3,0,0.00 ,0.00 ,-,0.00 ,-,-,0,424,0
2,0,0.00 ,0.00 ,-,0.00 ,-,-,0,424,0
1,0,0.00 ,0.00 ,-,0.00 ,-,-,0,424,0
30,10,1.00 ,0.50 ,0.67 ,0.00 ,0.80 ,8.3,10,243.8,0
29,9,0.97 ,0.54 ,0.44 ,0.00 ,0.64 ,6.2,9,243.8,0
28,8,0.97 ,0.37 ,0.40 ,0.00 ,0.65 ,4.8,8,243.8,0
27,7,0.88 ,0.29 ,0.39 ,0.00 ,0.61 ,4.3,7,243.8,0
26,7,0.98 ,0.28 ,0.22 ,0.00 ,0.43 ,3.5,7,243.8,0
25,6,0.98 ,0.23 ,0.27 ,0.00 ,0.49 ,3.2,6,243.8,0
24,6,0.97 ,0.21 ,0.18 ,0.00 ,0.37 ,2.8,6,243.8,0
23,5,0.94 ,0.14 ,0.30 ,0.00 ,0.53 ,2.8,5,243.8,0
22,5,0.96 ,0.12 ,0.21 ,0.00 ,0.40 ,2.3,5,243.8,0
21,5,0.96 ,0.10 ,0.20 ,0.00 ,0.41 ,2.4,5,243.8,0
20,4,0.91 ,0.07 ,0.27 ,0.00 ,0.46 ,2.1,4,243.8,0
19,4,0.71 ,0.07 ,0.31 ,0.00 ,0.49 ,2.3,4,243.8,0
18,3,0.49 ,0.06 ,0.37 ,0.00 ,0.56 ,1.7,3,243.8,0
17,3,0.88 ,0.03 ,0.31 ,0.00 ,0.46 ,1.8,3,243.8,0
16,2,0.80 ,0.03 ,0.74 ,0.00 ,0.85 ,1.6,2,243.8,0
15,2,0.57 ,0.04 ,0.82 ,0.00 ,0.89 ,1.4,2,243.8,0
14,1,0.53 ,0.03 ,1.00 ,0.00 ,1.00 ,1,1,243.8,0
13,1,0.04 ,0.02 ,0.89 ,0.00 ,1.00 ,0.9,1,243.8,0
12,1,0.43 ,0.03 ,1.00 ,0.00 ,1.00 ,1,1,243.8,0
11,1,1.00 ,0.02 ,1.00 ,0.00 ,1.00 ,1,1,243.8,0
10,0,0.00 ,0.00 ,-,0.00 ,-,-,0,243.8,0
9,0,0.00 ,0.00 ,-,0.00 ,-,-,0,243.8,0
8,0,0.00 ,0.00 ,-,0.00 ,-,-,0,243.8,0
7,0,0.00 ,0.00 ,-,0.00 ,-,-,0,243.8,0
6,0,0.00 ,0.00 ,-,0.00 ,-,-,0,243.8,0
5,0,0.00 ,0.00 ,-,0.00 ,-,-,0,243.8,0
4,0,0.00 ,0.00 ,-,0.00 ,-,-,0,243.8,0
3,0,0.00 ,0.00 ,-,0.00 ,-,-,0,243.8,0
2,0,0.00 ,0.00 ,-,0.00 ,-,-,0,243.8,0
1,0,0.00 ,0.00 ,-,0.00 ,-,-,0,243.8,0
30,10,1.00 ,0.50 ,0.33 ,0.00 ,0.56 ,6,10,188.68,0
29,9,0.93 ,0.48 ,0.34 ,0.00 ,0.58 ,5.2,9,188.68,0
28,9,0.96 ,0.38 ,0.20 ,0.00 ,0.40 ,4.5,9,188.68,0
27,8,0.90 ,0.39 ,0.22 ,0.00 ,0.45 ,3.8,8,188.68,0
26,8,0.98 ,0.35 ,0.13 ,0.00 ,0.30 ,3.5,8,188.68,0
25,7,0.97 ,0.34 ,0.14 ,0.00 ,0.29 ,3.2,7,188.68,0
24,7,0.96 ,0.28 ,0.15 ,0.00 ,0.35 ,2.9,7,188.68,0
23,5,0.83 ,0.23 ,0.24 ,0.00 ,0.46 ,2.5,5,188.68,0
22,5,0.95 ,0.17 ,0.16 ,0.00 ,0.33 ,2.2,5,188.68,0
21,5,0.94 ,0.15 ,0.17 ,0.00 ,0.37 ,2.2,5,188.68,0
20,4,0.85 ,0.11 ,0.21 ,0.00 ,0.39 ,2,4,188.68,0
19,4,0.63 ,0.10 ,0.19 ,0.00 ,0.37 ,2,4,188.68,0
18,4,0.77 ,0.09 ,0.34 ,0.00 ,0.55 ,2.4,4,188.68,0
17,3,0.90 ,0.07 ,0.42 ,0.00 ,0.59 ,1.8,3,188.68,0
16,3,0.99 ,0.04 ,0.27 ,0.00 ,0.43 ,1.5,3,188.68,0
15,3,0.81 ,0.07 ,0.54 ,0.00 ,0.71 ,1.9,3,188.68,0
14,2,0.73 ,0.04 ,0.51 ,0.00 ,0.69 ,1.5,2,188.68,0
13,2,0.65 ,0.02 ,0.54 ,0.00 ,0.70 ,1.5,2,188.68,0
12,2,0.62 ,0.03 ,0.64 ,0.00 ,0.78 ,1.6,2,188.68,0
11,2,0.71 ,0.04 ,0.56 ,0.00 ,0.72 ,1.6,2,188.68,0
10,1,0.50 ,0.04 ,1.00 ,0.00 ,1.00 ,1,1,188.68,0
9,1,0.33 ,0.02 ,1.00 ,0.00 ,1.00 ,1,1,188.68,0
8,1,0.45 ,0.06 ,1.00 ,0.00 ,1.00 ,1,1,188.68,0
7,1,0.40 ,0.04 ,1.00 ,0.00 ,1.00 ,1,1,188.68,0
6,1,0.60 ,0.04 ,1.00 ,0.00 ,1.00 ,1,1,188.68,0
5,0,0.00 ,0.00 ,-,0.00 ,-,-,0,188.68,0
4,0,0.00 ,0.00 ,-,0.00 ,-,-,0,188.68,0
3,0,0.00 ,0.00 ,-,0.00 ,-,-,0,188.68,0
2,0,0.00 ,0.00 ,-,0.00 ,-,-,0,188.68,0
1,0,0.00 ,0.00 ,-,0.00 ,-,-,0,188.68,0
30,5,1.00 ,0.33 ,0.00 ,0.00 ,0.00 ,2,5,218.36,0
29,4,0.86 ,0.32 ,0.53 ,0.00 ,0.69 ,3.1,5,218.36,0
28,4,0.93 ,0.20 ,0.55 ,0.00 ,0.71 ,3.1,5,218.36,0
27,3,0.74 ,0.23 ,0.55 ,0.00 ,0.71 ,2.4,4,218.36,0
26,3,0.70 ,0.21 ,0.48 ,0.00 ,0.64 ,2.2,4,218.36,0
25,2,0.78 ,0.21 ,0.70 ,0.00 ,0.83 ,1.7,3,218.36,0
24,2,0.82 ,0.15 ,0.70 ,0.00 ,0.84 ,1.7,3,218.36,0
23,1,0.44 ,0.13 ,0.98 ,0.00 ,1.00 ,1,2,218.36,0
22,1,0.52 ,0.09 ,1.00 ,0.00 ,1.00 ,1,2,218.36,0
21,1,0.63 ,0.09 ,1.00 ,0.00 ,1.00 ,1,2,218.36,0
20,0,0.00 ,0.00 ,-,0.00 ,-,-,1,218.36,0
19,0,0.00 ,0.00 ,-,0.00 ,-,-,1,218.36,0
18,0,0.00 ,0.00 ,-,0.00 ,-,-,1,218.36,0
17,0,0.00 ,0.00 ,-,0.00 ,-,-,1,218.36,0
16,0,0.00 ,0.00 ,-,0.00 ,-,-,1,218.36,0
15,0,0.00 ,0.00 ,-,0.00 ,-,-,0,218.36,0
14,0,0.00 ,0.00 ,-,0.00 ,-,-,0,218.36,0
13,0,0.00 ,0.00 ,-,0.00 ,-,-,0,218.36,0
12,0,0.00 ,0.00 ,-,0.00 ,-,-,0,218.36,0
11,0,0.00 ,0.00 ,-,0.00 ,-,-,0,218.36,0
10,0,0.00 ,0.00 ,-,0.00 ,-,-,0,218.36,0
9,0,0.00 ,0.00 ,-,0.00 ,-,-,0,218.36,0
8,0,0.00 ,0.00 ,-,0.00 ,-,-,0,218.36,0
7,0,0.00 ,0.00 ,-,0.00 ,-,-,0,218.36,0
6,0,0.00 ,0.00 ,-,0.00 ,-,-,0,218.36,0
5,0,0.00 ,0.00 ,-,0.00 ,-,-,0,218.36,0
4,0,0.00 ,0.00 ,-,0.00 ,-,-,0,218.36,0
3,0,0.00 ,0.00 ,-,0.00 ,-,-,0,218.36,0
2,0,0.00 ,0.00 ,-,0.00 ,-,-,0,218.36,0
1,0,0.00 ,0.00 ,-,0.00 ,-,-,0,218.36,0
30,13,1.00 ,0.67 ,0.75 ,0.00 ,0.76 ,12.8,13,201.4,0
29,11,0.78 ,0.79 ,0.59 ,0.00 ,0.73 ,8.8,12,201.4,0
28,10,0.90 ,0.76 ,0.54 ,0.00 ,0.72 ,7.5,11,201.4,0
27,9,0.60 ,0.71 ,0.54 ,0.00 ,0.72 ,6.7,10,201.4,0
26,9,0.85 ,0.62 ,0.44 ,0.00 ,0.64 ,6.3,10,201.4,0
25,9,0.96 ,0.66 ,0.31 ,0.00 ,0.52 ,5.4,9,201.4,0
24,8,0.85 ,0.56 ,0.31 ,0.00 ,0.52 ,4.8,8,201.4,0
23,8,0.82 ,0.50 ,0.24 ,0.00 ,0.45 ,4.3,8,201.4,0
22,7,0.91 ,0.38 ,0.18 ,0.00 ,0.37 ,3.5,7,201.4,0
21,6,0.55 ,0.36 ,0.19 ,0.00 ,0.36 ,3.1,6,201.4,0
20,5,0.83 ,0.32 ,0.27 ,0.00 ,0.49 ,2.8,5,201.4,0
19,5,0.53 ,0.26 ,0.21 ,0.00 ,0.43 ,2.5,5,201.4,0
18,5,0.92 ,0.24 ,0.22 ,0.00 ,0.44 ,2.5,5,201.4,0
17,5,0.96 ,0.21 ,0.18 ,0.00 ,0.37 ,2.4,5,201.4,0
16,5,0.92 ,0.16 ,0.18 ,0.00 ,0.39 ,2.4,5,201.4,0
15,4,0.86 ,0.18 ,0.31 ,0.00 ,0.52 ,2.4,4,201.4,0
14,4,0.67 ,0.11 ,0.25 ,0.00 ,0.48 ,2.1,4,201.4,0
13,4,0.90 ,0.08 ,0.32 ,0.00 ,0.57 ,2.3,4,201.4,0
12,4,0.99 ,0.11 ,0.12 ,0.00 ,0.27 ,1.7,4,201.4,0
11,4,0.92 ,0.10 ,0.31 ,0.00 ,0.53 ,2.3,4,201.4,0
10,3,0.79 ,0.13 ,0.44 ,0.00 ,0.59 ,2.2,3,201.4,0
9,3,0.95 ,0.11 ,0.47 ,0.00 ,0.71 ,2,3,201.4,0
8,3,0.97 ,0.13 ,0.15 ,0.00 ,0.28 ,1.6,3,201.4,0
7,3,0.81 ,0.17 ,0.27 ,0.00 ,0.50 ,1.6,3,201.4,0
6,3,0.94 ,0.10 ,0.29 ,0.00 ,0.45 ,1.9,3,201.4,0
5,2,0.24 ,0.09 ,0.77 ,0.00 ,0.87 ,1.8,2,201.4,0
4,2,0.83 ,0.13 ,0.53 ,0.00 ,0.69 ,1.5,2,201.4,0
3,2,0.87 ,0.13 ,0.73 ,0.00 ,0.85 ,1.7,2,201.4,0
2,2,0.84 ,0.22 ,0.64 ,0.00 ,0.78 ,1.6,2,201.4,0
1,2,0.60 ,0.14 ,0.76 ,0.00 ,0.87 ,1.7,2,201.4,0
30,8,1.00 ,0.67 ,0.50 ,0.00 ,0.57 ,7,8,188.68,0
29,8,0.82 ,0.71 ,0.55 ,0.00 ,0.73 ,6,8,188.68,0
28,7,0.87 ,0.62 ,0.51 ,0.00 ,0.68 ,5.2,7,188.68,0
27,7,0.82 ,0.55 ,0.47 ,0.00 ,0.68 ,4.8,7,188.68,0
26,7,0.82 ,0.52 ,0.41 ,0.00 ,0.62 ,4.6,7,188.68,0
25,6,0.86 ,0.47 ,0.35 ,0.00 ,0.57 ,3.8,6,188.68,0
24,6,0.86 ,0.42 ,0.29 ,0.00 ,0.51 ,3.4,6,188.68,0
23,5,0.85 ,0.33 ,0.33 ,0.00 ,0.56 ,3,5,188.68,0
22,5,0.94 ,0.27 ,0.28 ,0.00 ,0.50 ,2.8,5,188.68,0
21,5,0.39 ,0.24 ,0.21 ,0.00 ,0.41 ,2.5,5,188.68,0
20,4,0.81 ,0.21 ,0.37 ,0.00 ,0.58 ,2.5,4,188.68,0
19,4,0.79 ,0.16 ,0.28 ,0.00 ,0.50 ,2.2,4,188.68,0
18,4,0.77 ,0.15 ,0.28 ,0.00 ,0.50 ,2.3,4,188.68,0
17,4,0.91 ,0.13 ,0.26 ,0.00 ,0.48 ,2.2,4,188.68,0
16,3,0.90 ,0.10 ,0.30 ,0.00 ,0.49 ,1.8,3,188.68,0
15,3,0.78 ,0.11 ,0.48 ,0.00 ,0.66 ,2.2,3,188.68,0
14,3,0.56 ,0.08 ,0.29 ,0.00 ,0.49 ,1.8,3,188.68,0
13,2,0.74 ,0.06 ,0.76 ,0.00 ,0.88 ,1.7,2,188.68,0
12,2,0.96 ,0.07 ,0.44 ,0.00 ,0.63 ,1.5,2,188.68,0
11,2,0.67 ,0.05 ,0.55 ,0.00 ,0.71 ,1.6,2,188.68,0
10,1,0.47 ,0.11 ,1.00 ,0.00 ,1.00 ,1,1,188.68,0
9,1,0.50 ,0.08 ,0.92 ,0.00 ,1.00 ,0.9,1,188.68,0
8,1,0.50 ,0.08 ,1.00 ,0.00 ,1.00 ,1,1,188.68,0
7,1,0.53 ,0.06 ,1.00 ,0.00 ,1.00 ,1,1,188.68,0
6,1,0.86 ,0.07 ,1.00 ,0.00 ,1.00 ,1,1,188.68,0
5,1,0.13 ,0.08 ,1.00 ,0.00 ,1.00 ,1,1,188.68,0
4,1,0.57 ,0.09 ,1.00 ,0.00 ,1.00 ,1,1,188.68,0
3,1,0.70 ,0.06 ,1.00 ,0.00 ,1.00 ,1,1,188.68,0
2,1,0.60 ,0.09 ,0.90 ,0.00 ,1.00 ,0.9,1,188.68,0
1,1,0.47 ,0.09 ,0.97 ,0.00 ,1.00 ,1,1,188.68,0
30,5,1.00 ,0.50 ,0.33 ,0.00 ,0.50 ,3.3,5,201.4,0
29,5,0.93 ,0.35 ,0.67 ,0.00 ,0.83 ,4,5,201.4,0
28,5,0.94 ,0.28 ,0.68 ,0.00 ,0.84 ,4.1,5,201.4,0
27,4,0.81 ,0.25 ,0.69 ,0.00 ,0.84 ,3.3,4,201.4,0
26,4,0.84 ,0.18 ,0.60 ,0.00 ,0.77 ,3.1,4,201.4,0
25,3,0.83 ,0.12 ,0.59 ,0.00 ,0.76 ,2.3,3,201.4,0
24,3,0.77 ,0.10 ,0.54 ,0.00 ,0.70 ,2.3,3,201.4,0
23,3,0.87 ,0.06 ,0.53 ,0.00 ,0.73 ,2.2,3,201.4,0
22,3,0.92 ,0.03 ,0.48 ,0.00 ,0.66 ,2.2,3,201.4,0
21,3,0.88 ,0.03 ,0.43 ,0.00 ,0.66 ,2,3,201.4,0
20,2,0.95 ,0.02 ,0.56 ,0.00 ,0.72 ,1.6,2,201.4,0
19,2,0.97 ,0.01 ,0.55 ,0.00 ,0.73 ,1.5,2,201.4,0
18,2,0.91 ,0.02 ,0.67 ,0.00 ,0.80 ,1.7,2,201.4,0
17,2,0.50 ,0.01 ,0.60 ,0.00 ,0.86 ,1.4,2,201.4,0
16,2,0.82 ,0.01 ,0.25 ,0.00 ,0.44 ,1.1,2,201.4,0
15,2,0.78 ,0.01 ,0.67 ,0.00 ,0.80 ,1.7,2,201.4,0
14,2,1.00 ,0.00 ,0.50 ,0.00 ,0.67 ,1.5,2,201.4,0
13,2,1.00 ,0.00 ,0.50 ,0.00 ,0.67 ,1.5,2,201.4,0
12,2,-,0.00 ,-,0.00 ,-,-,2,201.4,0
11,2,1.00 ,0.01 ,0.33 ,0.00 ,0.50 ,1.3,2,201.4,0
10,0,1.00 ,0.01 ,1.00 ,0.00 ,1.00 ,1,0,201.4,0
9,0,0.75 ,0.02 ,1.00 ,0.00 ,1.00 ,1,0,201.4,0
8,0,1.00 ,0.01 ,1.00 ,0.00 ,1.00 ,1,0,201.4,0
7,0,-,0.00 ,-,0.00 ,-,-,0,201.4,0
6,0,0.00 ,0.00 ,-,0.00 ,-,-,0,201.4,0
5,0,1.00 ,0.01 ,1.00 ,0.00 ,1.00 ,1,0,201.4,0
4,0,-,0.00 ,-,0.00 ,-,-,0,201.4,0
3,0,-,0.00 ,-,0.00 ,-,-,0,201.4,0
2,0,0.50 ,0.01 ,1.00 ,0.00 ,1.00 ,1,0,201.4,0
1,0,0.78 ,0.01 ,1.00 ,0.00 ,1.00 ,1,0,201.4,0
30,6,1.00 ,0.50 ,0.67 ,0.00 ,0.92 ,4.3,6,164.3,0
29,6,0.89 ,0.63 ,0.49 ,0.00 ,0.65 ,4.5,6,164.3,0
28,6,0.94 ,0.57 ,0.46 ,0.00 ,0.66 ,4.2,6,164.3,0
27,5,0.91 ,0.50 ,0.47 ,0.00 ,0.68 ,3.5,6,164.3,0
26,5,0.85 ,0.42 ,0.34 ,0.00 ,0.56 ,3.1,4,164.3,0
25,5,0.88 ,0.42 ,0.29 ,0.00 ,0.49 ,2.9,4,164.3,0
24,4,0.58 ,0.37 ,0.35 ,0.00 ,0.55 ,2.5,4,164.3,0
23,4,0.90 ,0.30 ,0.29 ,0.00 ,0.50 ,2.3,4,164.3,0
22,4,0.85 ,0.20 ,0.25 ,0.00 ,0.47 ,2.1,3,164.3,0
21,4,0.94 ,0.19 ,0.22 ,0.00 ,0.42 ,2.1,3,164.3,0
20,3,0.73 ,0.13 ,0.30 ,0.00 ,0.49 ,1.9,3,164.3,0
19,3,0.91 ,0.11 ,0.28 ,0.00 ,0.47 ,1.8,3,164.3,0
18,3,0.89 ,0.10 ,0.22 ,0.00 ,0.39 ,1.7,2,164.3,0
17,3,0.87 ,0.08 ,0.24 ,0.00 ,0.42 ,1.7,2,164.3,0
16,3,0.98 ,0.05 ,0.27 ,0.00 ,0.46 ,1.7,2,164.3,0
15,2,0.73 ,0.09 ,0.54 ,0.00 ,0.71 ,1.5,2,164.3,0
14,2,0.92 ,0.06 ,0.43 ,0.00 ,0.61 ,1.4,2,164.3,0
13,2,0.96 ,0.03 ,0.47 ,0.00 ,0.64 ,1.5,2,164.3,0
12,2,0.84 ,0.04 ,0.65 ,0.00 ,0.81 ,1.6,2,164.3,0
11,2,0.83 ,0.05 ,0.58 ,0.00 ,0.73 ,1.6,2,164.3,0
10,1,0.68 ,0.07 ,1.00 ,0.00 ,1.00 ,1,1,164.3,0
9,1,0.64 ,0.05 ,1.00 ,0.00 ,1.00 ,1,1,164.3,0
8,1,0.38 ,0.06 ,1.00 ,0.00 ,1.00 ,1,1,164.3,0
7,1,0.71 ,0.03 ,1.00 ,0.00 ,1.00 ,1,1,164.3,0
6,1,0.60 ,0.04 ,0.86 ,0.00 ,1.00 ,0.9,1,164.3,0
5,1,0.78 ,0.05 ,1.00 ,0.00 ,1.00 ,1,1,164.3,0
4,1,0.83 ,0.03 ,1.00 ,0.00 ,1.00 ,1,1,164.3,0
3,1,0.80 ,0.03 ,1.00 ,0.00 ,1.00 ,1,1,164.3,0
2,1,0.73 ,0.07 ,1.00 ,0.00 ,1.00 ,1,1,164.3,0
1,1,0.59 ,0.04 ,0.95 ,0.00 ,1.00 ,1,1,164.3,0
30,6,1.00 ,1.00 ,1.00 ,0.00 ,1.00 ,6.7,8,143.1,0
29,6,0.69 ,0.98 ,1.00 ,0.00 ,1.00 ,6.4,8,143.1,0
28,6,0.71 ,0.98 ,1.00 ,0.00 ,1.00 ,6.4,8,143.1,0
27,6,0.64 ,0.97 ,1.00 ,0.00 ,1.00 ,6.3,8,143.1,0
26,6,0.61 ,0.98 ,1.00 ,0.00 ,1.00 ,6.2,8,143.1,0
25,5,0.64 ,0.97 ,0.99 ,0.00 ,1.00 ,5.1,7,143.1,0
24,5,0.54 ,0.98 ,1.00 ,0.00 ,1.00 ,5.2,7,143.1,0
23,5,0.56 ,0.96 ,0.99 ,0.00 ,0.99 ,5.1,7,143.1,0
22,5,0.65 ,0.94 ,0.98 ,0.00 ,0.99 ,5,7,143.1,0
21,5,0.49 ,0.93 ,0.96 ,0.00 ,0.98 ,4.9,7,143.1,0
20,4,0.58 ,0.89 ,0.95 ,0.00 ,0.97 ,3.9,6,143.1,0
19,4,0.55 ,0.87 ,0.91 ,0.00 ,0.95 ,3.8,6,143.1,0
18,4,0.68 ,0.82 ,0.90 ,0.00 ,0.94 ,3.8,6,143.1,0
17,4,0.72 ,0.77 ,0.86 ,0.00 ,0.92 ,3.6,6,143.1,0
16,4,0.66 ,0.77 ,0.85 ,0.00 ,0.92 ,3.6,6,143.1,0
15,4,0.69 ,0.71 ,0.82 ,0.00 ,0.90 ,3.6,5,143.1,0
14,4,0.81 ,0.61 ,0.79 ,0.00 ,0.88 ,3.5,5,143.1,0
13,4,0.77 ,0.57 ,0.77 ,0.00 ,0.88 ,3.4,4,143.1,0
12,4,0.83 ,0.54 ,0.74 ,0.00 ,0.87 ,3.3,4,143.1,0
11,4,0.39 ,0.51 ,0.76 ,0.00 ,0.87 ,3.4,4,143.1,0
10,2,0.63 ,0.52 ,0.93 ,0.00 ,0.97 ,2,2,143.1,0
9,2,0.40 ,0.48 ,0.88 ,0.00 ,0.94 ,1.9,2,143.1,0
8,2,0.47 ,0.54 ,0.90 ,0.00 ,0.95 ,1.9,2,143.1,0
7,2,0.57 ,0.54 ,0.94 ,0.00 ,0.97 ,1.9,2,143.1,0
6,2,0.63 ,0.39 ,0.91 ,0.00 ,0.96 ,1.9,2,143.1,0
5,2,0.47 ,0.43 ,0.95 ,0.00 ,0.98 ,1.9,2,143.1,0
4,2,0.63 ,0.44 ,0.91 ,0.00 ,0.96 ,2,2,143.1,0
3,2,0.70 ,0.42 ,0.88 ,0.00 ,0.95 ,1.9,2,143.1,0
2,2,0.61 ,0.45 ,0.92 ,0.00 ,0.96 ,2,2,143.1,0
1,2,0.59 ,0.32 ,0.93 ,0.00 ,0.97 ,1.9,2,143.1,0
30,2,-,0.00 ,-,0.00 ,-,-,2,158,0
29,2,0.66 ,0.19 ,0.87 ,0.00 ,0.96 ,1.8,2,158,0
28,2,0.89 ,0.17 ,0.81 ,0.00 ,0.92 ,1.8,2,158,0
27,2,0.81 ,0.12 ,0.74 ,0.00 ,0.88 ,1.7,2,158,0
26,2,0.94 ,0.11 ,0.70 ,0.00 ,0.86 ,1.6,2,158,0
25,2,0.91 ,0.06 ,0.53 ,0.00 ,0.71 ,1.5,2,158,0
24,2,0.82 ,0.06 ,0.52 ,0.00 ,0.71 ,1.5,2,158,0
23,2,0.93 ,0.04 ,0.54 ,0.00 ,0.73 ,1.5,2,158,0
22,2,1.00 ,0.02 ,0.33 ,0.00 ,0.50 ,1.3,2,158,0
21,2,0.89 ,0.02 ,0.36 ,0.00 ,0.56 ,1.3,2,158,0
20,1,0.55 ,0.02 ,0.95 ,0.00 ,1.00 ,1,0,158,0
19,1,0.47 ,0.01 ,0.96 ,0.00 ,1.00 ,1,0,158,0
18,1,0.92 ,0.01 ,1.00 ,0.00 ,1.00 ,1,0,158,0
17,1,0.56 ,0.00 ,1.00 ,0.00 ,1.00 ,1,0,158,0
16,1,0.80 ,0.00 ,1.00 ,0.00 ,1.00 ,1,0,158,0
15,0,0.00 ,0.00 ,-,0.00 ,-,-,0,158,0
14,0,0.00 ,0.00 ,-,0.00 ,-,-,0,158,0
13,0,-,0.00 ,-,0.00 ,-,-,0,158,0
12,0,-,0.00 ,-,0.00 ,-,-,0,158,0
11,0,0.00 ,0.00 ,-,0.00 ,-,-,0,158,0
10,0,-,0.00 ,-,0.00 ,-,-,0,158,0
9,0,-,0.00 ,-,0.00 ,-,-,0,158,0
8,0,0.00 ,0.00 ,-,0.00 ,-,-,0,158,0
7,0,-,0.00 ,-,0.00 ,-,-,0,158,0
6,0,-,0.00 ,-,0.00 ,-,-,0,158,0
5,0,-,0.00 ,-,0.00 ,-,-,0,158,0
4,0,0.00 ,0.00 ,-,0.00 ,-,-,0,158,0
3,0,-,0.00 ,-,0.00 ,-,-,0,158,0
2,0,0.00 ,0.00 ,-,0.00 ,-,-,0,158,0
1,0,0.00 ,0.00 ,-,0.00 ,-,-,0,158,0
30,7,1.00 ,0.17 ,1.00 ,0.00 ,1.00 ,7,7,143.1,0
29,7,0.81 ,0.44 ,0.44 ,0.00 ,0.65 ,4.8,7,143.1,0
28,6,0.82 ,0.44 ,0.45 ,0.00 ,0.68 ,4,6,143.1,0
27,6,0.90 ,0.38 ,0.33 ,0.00 ,0.57 ,3.5,6,143.1,0
26,5,0.76 ,0.36 ,0.34 ,0.00 ,0.59 ,2.9,5,143.1,0
25,5,0.92 ,0.29 ,0.23 ,0.00 ,0.44 ,2.6,5,143.1,0
24,4,0.93 ,0.26 ,0.29 ,0.00 ,0.52 ,2.2,4,143.1,0
23,4,0.80 ,0.19 ,0.25 ,0.00 ,0.47 ,2.1,4,143.1,0
22,3,0.79 ,0.18 ,0.26 ,0.00 ,0.44 ,1.7,3,143.1,0
21,3,0.88 ,0.12 ,0.24 ,0.00 ,0.41 ,1.7,3,143.1,0
20,2,0.75 ,0.10 ,0.60 ,0.00 ,0.75 ,1.6,2,143.1,0
19,2,0.64 ,0.08 ,0.54 ,0.00 ,0.71 ,1.5,2,143.1,0
18,2,0.66 ,0.08 ,0.60 ,0.00 ,0.75 ,1.6,2,143.1,0
17,1,0.47 ,0.05 ,1.00 ,0.00 ,1.00 ,1,1,143.1,0
16,1,0.63 ,0.04 ,0.98 ,0.00 ,1.00 ,1,1,143.1,0
15,1,0.38 ,0.07 ,1.00 ,0.00 ,1.00 ,1,1,143.1,0
14,0,0.00 ,0.00 ,-,0.00 ,-,-,0,143.1,0
13,0,0.00 ,0.00 ,-,0.00 ,-,-,0,143.1,0
12,0,0.00 ,0.00 ,-,0.00 ,-,-,0,143.1,0
11,0,0.00 ,0.00 ,-,0.00 ,-,-,0,143.1,0
10,0,0.00 ,0.00 ,-,0.00 ,-,-,0,143.1,0
9,0,0.00 ,0.00 ,-,0.00 ,-,-,0,143.1,0
8,0,0.00 ,0.00 ,-,0.00 ,-,-,0,143.1,0
7,0,0.00 ,0.00 ,-,0.00 ,-,-,0,143.1,0
6,0,0.00 ,0.00 ,-,0.00 ,-,-,0,143.1,0
5,0,0.00 ,0.00 ,-,0.00 ,-,-,0,143.1,0
4,0,-,0.00 ,-,0.00 ,-,-,0,143.1,0
3,0,0.00 ,0.00 ,-,0.00 ,-,-,0,143.1,0
2,0,0.00 ,0.00 ,-,0.00 ,-,-,0,143.1,0
1,0,0.00 ,0.00 ,-,0.00 ,-,-,0,143.1,0
30,2,1.00 ,0.50 ,1.00 ,0.00 ,1.00 ,2,3,139.92,0
29,2,0.70 ,0.29 ,0.91 ,0.00 ,0.96 ,1.9,3,139.92,0
28,2,0.66 ,0.22 ,0.86 ,0.00 ,0.93 ,1.8,3,139.92,0
27,2,0.69 ,0.20 ,0.83 ,0.00 ,0.91 ,1.8,3,139.92,0
26,2,0.83 ,0.13 ,0.79 ,0.00 ,0.89 ,1.8,3,139.92,0
25,2,0.73 ,0.12 ,0.72 ,0.00 ,0.86 ,1.7,2,139.92,0
24,2,0.87 ,0.11 ,0.59 ,0.00 ,0.75 ,1.6,2,139.92,0
23,2,0.86 ,0.08 ,0.63 ,0.00 ,0.79 ,1.6,2,139.92,0
22,2,0.74 ,0.04 ,0.69 ,0.00 ,0.86 ,1.6,2,139.92,0
21,2,0.83 ,0.03 ,0.50 ,0.00 ,0.67 ,1.5,2,139.92,0
20,1,0.76 ,0.03 ,0.98 ,0.00 ,1.00 ,1,1,139.92,0
19,1,0.56 ,0.02 ,0.97 ,0.00 ,1.00 ,1,1,139.92,0
18,1,0.61 ,0.01 ,1.00 ,0.00 ,1.00 ,1,1,139.92,0
17,1,0.71 ,0.01 ,1.00 ,0.00 ,1.00 ,1,1,139.92,0
16,1,0.60 ,0.01 ,0.90 ,0.00 ,1.00 ,0.9,1,139.92,0
15,1,0.41 ,0.01 ,1.00 ,0.00 ,1.00 ,1,1,139.92,0
14,1,0.58 ,0.01 ,1.00 ,0.00 ,1.00 ,1,1,139.92,0
13,1,0.67 ,0.00 ,1.00 ,0.00 ,1.00 ,1,1,139.92,0
12,1,1.00 ,0.01 ,1.00 ,0.00 ,1.00 ,1,1,139.92,0
11,1,1.00 ,0.01 ,1.00 ,0.00 ,1.00 ,1,1,139.92,0
10,0,0.00 ,0.00 ,-,0.00 ,-,-,0,139.92,0
9,0,0.00 ,0.00 ,-,0.00 ,-,-,0,139.92,0
8,0,-,0.00 ,-,0.00 ,-,-,0,139.92,0
7,0,0.00 ,0.00 ,-,0.00 ,-,-,0,139.92,0
6,0,0.00 ,0.00 ,-,0.00 ,-,-,0,139.92,0
5,0,-,0.00 ,-,0.00 ,-,-,0,139.92,0
4,0,-,0.00 ,-,0.00 ,-,-,0,139.92,0
3,0,-,0.00 ,-,0.00 ,-,-,0,139.92,0
2,0,0.00 ,0.00 ,-,0.00 ,-,-,0,139.92,0
1,0,0.00 ,0.00 ,-,0.00 ,-,-,0,139.92,0
30,2,1.00 ,0.17 ,1.00 ,0.00 ,1.00 ,2,3,121.9,0
29,2,0.65 ,0.28 ,0.89 ,0.00 ,0.95 ,1.9,3,121.9,0
28,2,0.67 ,0.28 ,0.87 ,0.00 ,0.93 ,1.9,3,121.9,0
27,2,0.57 ,0.22 ,0.84 ,0.00 ,0.92 ,1.8,3,121.9,0
26,2,0.77 ,0.15 ,0.72 ,0.00 ,0.84 ,1.7,3,121.9,0
25,2,0.74 ,0.13 ,0.64 ,0.00 ,0.78 ,1.6,2,121.9,0
24,2,0.76 ,0.12 ,0.64 ,0.00 ,0.80 ,1.6,2,121.9,0
23,2,0.89 ,0.08 ,0.63 ,0.00 ,0.78 ,1.6,2,121.9,0
22,2,0.97 ,0.05 ,0.65 ,0.00 ,0.79 ,1.7,2,121.9,0
21,2,0.17 ,0.04 ,0.50 ,0.00 ,0.67 ,1.5,2,121.9,0
20,1,0.69 ,0.03 ,1.00 ,0.00 ,1.00 ,1,1,121.9,0
19,1,0.48 ,0.02 ,0.94 ,0.00 ,1.00 ,0.9,1,121.9,0
18,1,0.68 ,0.02 ,1.00 ,0.00 ,1.00 ,1,1,121.9,0
17,1,0.73 ,0.01 ,0.89 ,0.00 ,1.00 ,0.9,1,121.9,0
16,1,0.65 ,0.01 ,0.93 ,0.00 ,1.00 ,0.9,1,121.9,0
15,1,0.58 ,0.02 ,0.96 ,0.00 ,1.00 ,1,1,121.9,0
14,1,0.78 ,0.01 ,1.00 ,0.00 ,1.00 ,1,1,121.9,0
13,1,1.00 ,0.01 ,0.83 ,0.00 ,1.00 ,0.8,1,121.9,0
12,1,1.00 ,0.00 ,1.00 ,0.00 ,1.00 ,1,1,121.9,0
11,1,0.67 ,0.01 ,0.67 ,0.00 ,1.00 ,0.7,1,121.9,0
10,0,-,0.00 ,-,0.00 ,-,-,0,121.9,0
9,0,0.00 ,0.00 ,-,0.00 ,-,-,0,121.9,0
8,0,0.00 ,0.00 ,-,0.00 ,-,-,0,121.9,0
7,0,0.00 ,0.00 ,-,0.00 ,-,-,0,121.9,0
6,0,0.00 ,0.00 ,-,0.00 ,-,-,0,121.9,0
5,0,-,0.00 ,-,0.00 ,-,-,0,121.9,0
4,0,-,0.00 ,-,0.00 ,-,-,0,121.9,0
3,0,-,0.00 ,-,0.00 ,-,-,0,121.9,0
2,0,0.00 ,0.00 ,-,0.00 ,-,-,0,121.9,0
1,0,0.00 ,0.00 ,-,0.00 ,-,-,0,121.9,0
30,6,1.00 ,0.50 ,0.33 ,0.00 ,0.67 ,3,6,139.92,0
29,6,0.90 ,0.71 ,0.64 ,0.00 ,0.79 ,4.8,6,139.92,0
28,6,0.91 ,0.60 ,0.55 ,0.00 ,0.72 ,4.5,6,139.92,0
27,5,0.84 ,0.53 ,0.67 ,0.00 ,0.82 ,4.1,6,139.92,0
26,5,0.89 ,0.53 ,0.49 ,0.00 ,0.70 ,3.5,6,139.92,0
25,5,0.84 ,0.41 ,0.39 ,0.00 ,0.61 ,3.2,5,139.92,0
24,4,0.76 ,0.35 ,0.45 ,0.00 ,0.65 ,2.7,4,139.92,0
23,4,0.78 ,0.29 ,0.38 ,0.00 ,0.59 ,2.5,4,139.92,0
22,4,0.93 ,0.16 ,0.33 ,0.00 ,0.54 ,2.4,3,139.92,0
21,4,0.89 ,0.17 ,0.27 ,0.00 ,0.48 ,2.2,3,139.92,0
20,3,0.90 ,0.12 ,0.39 ,0.00 ,0.58 ,2,2,139.92,0
19,3,0.88 ,0.09 ,0.30 ,0.00 ,0.49 ,1.8,2,139.92,0
18,3,0.87 ,0.09 ,0.42 ,0.00 ,0.58 ,2,2,139.92,0
17,3,0.87 ,0.07 ,0.45 ,0.00 ,0.63 ,1.9,2,139.92,0
16,3,0.81 ,0.04 ,0.42 ,0.00 ,0.63 ,1.8,2,139.92,0
15,2,0.84 ,0.05 ,0.69 ,0.00 ,0.80 ,1.6,1,139.92,0
14,2,0.67 ,0.03 ,0.71 ,0.00 ,0.84 ,1.6,1,139.92,0
13,2,0.95 ,0.02 ,0.73 ,0.00 ,0.83 ,1.6,1,139.92,0
12,2,1.00 ,0.01 ,1.00 ,0.00 ,1.00 ,1.7,1,139.92,0
11,2,1.00 ,0.03 ,0.50 ,0.00 ,0.65 ,1.4,1,139.92,0
10,1,0.64 ,0.05 ,1.00 ,0.00 ,1.00 ,1,1,139.92,0
9,1,0.67 ,0.04 ,1.00 ,0.00 ,1.00 ,1,1,139.92,0
8,1,0.67 ,0.04 ,1.00 ,0.00 ,1.00 ,1,1,139.92,0
7,1,0.60 ,0.04 ,1.00 ,0.00 ,1.00 ,1,1,139.92,0
6,1,0.50 ,0.03 ,1.00 ,0.00 ,1.00 ,1,1,139.92,0
5,1,0.75 ,0.02 ,1.00 ,0.00 ,1.00 ,1,1,139.92,0
4,1,1.00 ,0.01 ,1.00 ,0.00 ,1.00 ,1,1,139.92,0
3,1,0.67 ,0.02 ,1.00 ,0.00 ,1.00 ,1,1,139.92,0
2,1,0.71 ,0.04 ,1.00 ,0.00 ,1.00 ,1,1,139.92,0
1,1,0.54 ,0.03 ,0.94 ,0.00 ,1.00 ,0.9,1,139.92,0
30,4,1.00 ,0.33 ,0.50 ,0.00 ,0.80 ,2.5,4,129.32,0
29,4,0.77 ,0.58 ,0.75 ,0.00 ,0.87 ,3.4,4,129.32,0
28,4,0.82 ,0.57 ,0.64 ,0.00 ,0.81 ,3.2,4,129.32,0
27,4,0.83 ,0.50 ,0.63 ,0.00 ,0.79 ,3.2,4,129.32,0
26,4,0.80 ,0.41 ,0.49 ,0.00 ,0.70 ,2.8,4,129.32,0
25,4,0.88 ,0.40 ,0.39 ,0.00 ,0.60 ,2.6,4,129.32,0
24,4,0.74 ,0.32 ,0.36 ,0.00 ,0.58 ,2.4,4,129.32,0
23,3,0.36 ,0.29 ,0.46 ,0.00 ,0.65 ,2.1,3,129.32,0
22,3,0.64 ,0.19 ,0.47 ,0.00 ,0.65 ,2.1,3,129.32,0
21,3,0.60 ,0.17 ,0.35 ,0.00 ,0.55 ,1.9,3,129.32,0
20,2,0.72 ,0.14 ,0.66 ,0.00 ,0.81 ,1.6,2,129.32,0
19,2,0.58 ,0.10 ,0.57 ,0.00 ,0.75 ,1.5,2,129.32,0
18,2,0.71 ,0.11 ,0.57 ,0.00 ,0.74 ,1.5,2,129.32,0
17,2,0.76 ,0.07 ,0.58 ,0.00 ,0.75 ,1.6,2,129.32,0
16,2,0.72 ,0.06 ,0.51 ,0.00 ,0.69 ,1.5,2,129.32,0
15,2,0.52 ,0.07 ,0.70 ,0.00 ,0.83 ,1.7,2,129.32,0
14,2,0.88 ,0.05 ,0.64 ,0.00 ,0.80 ,1.6,2,129.32,0
13,2,0.18 ,0.03 ,0.47 ,0.00 ,0.67 ,1.4,2,129.32,0
12,2,1.00 ,0.01 ,0.40 ,0.00 ,0.57 ,1.4,2,129.32,0
11,2,0.76 ,0.06 ,0.65 ,0.00 ,0.79 ,1.7,2,129.32,0
10,1,0.57 ,0.06 ,1.00 ,0.00 ,1.00 ,1,1,129.32,0
9,1,0.86 ,0.04 ,1.00 ,0.00 ,1.00 ,1,1,129.32,0
8,1,0.09 ,0.04 ,1.00 ,0.00 ,1.00 ,1,1,129.32,0
7,1,0.33 ,0.04 ,1.00 ,0.00 ,1.00 ,1,1,129.32,0
6,1,0.44 ,0.03 ,0.80 ,0.00 ,1.00 ,0.8,1,129.32,0
5,1,0.50 ,0.03 ,1.00 ,0.00 ,1.00 ,1,1,129.32,0
4,1,0.79 ,0.07 ,1.00 ,0.00 ,1.00 ,1,1,129.32,0
3,1,0.73 ,0.07 ,1.00 ,0.00 ,1.00 ,1,1,129.32,0
2,1,0.92 ,0.10 ,1.00 ,0.00 ,1.00 ,1,1,129.32,0
1,1,0.56 ,0.05 ,0.95 ,0.00 ,1.00 ,0.9,1,129.32,0
30,6,-,0.00 ,-,0.00 ,-,-,6,129.3,0
29,5,0.78 ,0.41 ,0.45 ,0.00 ,0.65 ,3.5,5,129.3,0
28,4,0.86 ,0.35 ,0.45 ,0.00 ,0.62 ,2.9,4,129.3,0
27,4,0.90 ,0.33 ,0.49 ,0.00 ,0.67 ,2.9,4,129.3,0
26,3,0.87 ,0.28 ,0.52 ,0.00 ,0.65 ,2.4,3,129.3,0
25,3,0.71 ,0.25 ,0.49 ,0.00 ,0.64 ,2.3,3,129.3,0
24,3,0.78 ,0.23 ,0.34 ,0.00 ,0.54 ,1.9,3,129.3,0
23,3,0.80 ,0.16 ,0.35 ,0.00 ,0.53 ,2,3,129.3,0
22,3,0.81 ,0.10 ,0.32 ,0.00 ,0.51 ,1.9,3,129.3,0
21,3,0.67 ,0.10 ,0.29 ,0.00 ,0.48 ,1.8,3,129.3,0
20,2,0.82 ,0.09 ,0.60 ,0.00 ,0.76 ,1.6,2,129.3,0
19,2,0.81 ,0.06 ,0.50 ,0.00 ,0.68 ,1.5,2,129.3,0
18,2,0.90 ,0.05 ,0.64 ,0.00 ,0.78 ,1.6,2,129.3,0
17,2,0.85 ,0.05 ,0.48 ,0.00 ,0.65 ,1.5,2,129.3,0
16,2,0.82 ,0.03 ,0.39 ,0.00 ,0.56 ,1.4,2,129.3,0
15,1,0.37 ,0.05 ,0.99 ,0.00 ,1.00 ,1,1,129.3,0
14,1,0.51 ,0.02 ,1.00 ,0.00 ,1.00 ,1,1,129.3,0
13,1,0.86 ,0.01 ,1.00 ,0.00 ,1.00 ,1,1,129.3,0
12,1,1.00 ,0.01 ,1.00 ,0.00 ,1.00 ,1,1,129.3,0
11,1,0.69 ,0.02 ,1.00 ,0.00 ,1.00 ,1,1,129.3,0
10,0,-,0.00 ,-,0.00 ,-,-,1,129.3,0
9,0,0.00 ,0.00 ,-,0.00 ,-,-,1,129.3,0
8,0,0.00 ,0.00 ,-,0.00 ,-,-,1,129.3,0
7,0,0.00 ,0.00 ,-,0.00 ,-,-,1,129.3,0
6,0,0.00 ,0.00 ,-,0.00 ,-,-,1,129.3,0
5,0,0.00 ,0.00 ,-,0.00 ,-,-,0,129.3,0
4,0,0.00 ,0.00 ,-,0.00 ,-,-,0,129.3,0
3,0,-,0.00 ,-,0.00 ,-,-,0,129.3,0
2,0,0.00 ,0.00 ,-,0.00 ,-,-,0,129.3,0
1,0,0.00 ,0.00 ,-,0.00 ,-,-,0,129.3,0
30,9,1.00 ,0.83 ,1.00 ,0.00 ,1.00 ,8,9,122.96,0
29,8,0.73 ,0.96 ,0.97 ,0.00 ,0.98 ,7.8,9,122.96,0
28,8,0.65 ,0.96 ,0.97 ,0.00 ,0.98 ,7.7,9,122.96,0
27,8,0.63 ,0.96 ,0.98 ,0.00 ,0.99 ,7.7,9,122.96,0
26,8,0.69 ,0.94 ,0.94 ,0.00 ,0.97 ,7.6,9,122.96,0
25,7,0.68 ,0.92 ,0.92 ,0.00 ,0.95 ,6.5,8,122.96,0
24,7,0.52 ,0.90 ,0.89 ,0.00 ,0.94 ,6.4,8,122.96,0
23,7,0.60 ,0.86 ,0.80 ,0.00 ,0.88 ,6,8,122.96,0
22,7,0.74 ,0.80 ,0.72 ,0.00 ,0.83 ,5.7,8,122.96,0
21,7,0.60 ,0.72 ,0.61 ,0.00 ,0.76 ,5.3,8,122.96,0
20,6,0.64 ,0.66 ,0.62 ,0.00 ,0.77 ,4.4,7,122.96,0
19,6,0.70 ,0.60 ,0.54 ,0.00 ,0.72 ,4.2,7,122.96,0
18,6,0.80 ,0.53 ,0.50 ,0.00 ,0.69 ,4,7,122.96,0
17,5,0.71 ,0.50 ,0.55 ,0.00 ,0.73 ,3.4,7,122.96,0
16,5,0.63 ,0.45 ,0.50 ,0.00 ,0.69 ,3.2,7,122.96,0
15,5,0.70 ,0.43 ,0.54 ,0.00 ,0.73 ,3.3,6,122.96,0
14,4,0.72 ,0.34 ,0.59 ,0.00 ,0.75 ,2.7,6,122.96,0
13,4,0.79 ,0.31 ,0.49 ,0.00 ,0.66 ,2.5,5,122.96,0
12,4,0.84 ,0.27 ,0.48 ,0.00 ,0.69 ,2.5,5,122.96,0
11,4,0.80 ,0.26 ,0.47 ,0.00 ,0.67 ,2.5,5,122.96,0
10,2,0.55 ,0.30 ,0.90 ,0.00 ,0.93 ,1.5,3,122.96,0
9,2,0.56 ,0.25 ,0.91 ,0.00 ,0.94 ,1.4,3,122.96,0
8,2,0.09 ,0.32 ,0.90 ,0.00 ,0.93 ,1.5,3,122.96,0
7,2,0.43 ,0.32 ,0.92 ,0.00 ,0.95 ,1.5,3,122.96,0
6,2,0.60 ,0.26 ,0.89 ,0.00 ,0.92 ,1.5,3,122.96,0
5,2,0.30 ,0.20 ,0.93 ,0.00 ,0.95 ,1.4,2,122.96,0
4,2,0.63 ,0.30 ,0.89 ,0.00 ,0.94 ,1.5,2,122.96,0
3,2,0.55 ,0.16 ,1.00 ,0.00 ,1.00 ,1.7,2,122.96,0
2,2,0.45 ,0.23 ,0.88 ,0.00 ,0.93 ,1.7,2,122.96,0
1,2,0.40 ,0.19 ,0.91 ,0.00 ,0.95 ,1.6,2,122.96,0
30,4,1.00 ,1.00 ,0.83 ,0.00 ,0.87 ,3.8,4,102.82,0
29,4,0.56 ,0.98 ,1.00 ,0.00 ,1.00 ,4,4,102.82,0
28,4,0.57 ,0.98 ,1.00 ,0.00 ,1.00 ,4,4,102.82,0
27,4,0.48 ,0.97 ,1.00 ,0.00 ,1.00 ,4,4,102.82,0
26,4,0.58 ,0.98 ,1.00 ,0.00 ,1.00 ,4,4,102.82,0
25,3,0.47 ,0.97 ,0.99 ,0.00 ,1.00 ,3,4,102.82,0
24,3,0.33 ,0.98 ,1.00 ,0.00 ,1.00 ,3,4,102.82,0
23,3,0.36 ,0.98 ,1.00 ,0.00 ,1.00 ,3,4,102.82,0
22,3,0.48 ,0.97 ,1.00 ,0.00 ,1.00 ,3,4,102.82,0
21,3,0.39 ,0.95 ,1.00 ,0.00 ,1.00 ,3,4,102.82,0
20,3,0.46 ,0.94 ,0.98 ,0.00 ,0.99 ,3,3,102.82,0
19,3,0.45 ,0.95 ,0.97 ,0.00 ,0.99 ,3,3,102.82,0
18,3,0.57 ,0.90 ,0.95 ,0.00 ,0.97 ,2.9,3,102.82,0
17,3,0.64 ,0.89 ,0.95 ,0.00 ,0.97 ,2.9,3,102.82,0
16,3,0.65 ,0.86 ,0.92 ,0.00 ,0.96 ,2.9,3,102.82,0
15,3,0.60 ,0.84 ,0.90 ,0.00 ,0.94 ,2.9,3,102.82,0
14,3,0.66 ,0.78 ,0.83 ,0.00 ,0.90 ,2.8,3,102.82,0
13,3,0.67 ,0.74 ,0.82 ,0.00 ,0.89 ,2.8,3,102.82,0
12,3,0.77 ,0.69 ,0.74 ,0.00 ,0.84 ,2.6,3,102.82,0
11,3,0.38 ,0.66 ,0.78 ,0.00 ,0.88 ,2.7,3,102.82,0
10,2,0.64 ,0.62 ,0.89 ,0.00 ,0.95 ,1.9,2,102.82,0
9,2,0.55 ,0.62 ,0.91 ,0.00 ,0.96 ,1.9,2,102.82,0
8,2,0.50 ,0.62 ,0.91 ,0.00 ,0.95 ,1.9,2,102.82,0
7,2,0.64 ,0.67 ,0.91 ,0.00 ,0.95 ,1.9,2,102.82,0
6,2,0.55 ,0.62 ,0.89 ,0.00 ,0.94 ,1.9,2,102.82,0
5,2,0.56 ,0.62 ,0.88 ,0.00 ,0.94 ,1.9,2,102.82,0
4,2,0.70 ,0.59 ,0.85 ,0.00 ,0.92 ,1.8,2,102.82,0
3,2,0.70 ,0.57 ,0.90 ,0.00 ,0.95 ,1.9,2,102.82,0
2,2,0.59 ,0.58 ,0.92 ,0.00 ,0.96 ,1.9,2,102.82,0
1,2,0.59 ,0.32 ,0.91 ,0.00 ,0.95 ,1.9,2,102.82,0
30,3,1.00 ,0.33 ,1.00 ,0.00 ,1.00 ,3,4,93.28,0
29,3,0.59 ,0.58 ,0.85 ,0.00 ,0.91 ,2.8,4,93.28,0
28,3,0.70 ,0.57 ,0.79 ,0.00 ,0.87 ,2.7,4,93.28,0
27,3,0.74 ,0.56 ,0.76 ,0.00 ,0.85 ,2.7,4,93.28,0
26,3,0.74 ,0.52 ,0.70 ,0.00 ,0.81 ,2.6,4,93.28,0
25,1,0.38 ,0.47 ,1.00 ,0.00 ,1.00 ,1,3,93.28,0
24,1,0.25 ,0.41 ,0.99 ,0.00 ,1.00 ,1,3,93.28,0
23,1,0.40 ,0.32 ,1.00 ,0.00 ,1.00 ,1,3,93.28,0
22,1,0.36 ,0.24 ,1.00 ,0.00 ,1.00 ,1,3,93.28,0
21,1,0.16 ,0.21 ,1.00 ,0.00 ,1.00 ,1,3,93.28,0
20,1,0.43 ,0.17 ,0.99 ,0.00 ,1.00 ,1,2,93.28,0
19,1,0.20 ,0.13 ,0.98 ,0.00 ,1.00 ,1,2,93.28,0
18,1,0.45 ,0.11 ,0.98 ,0.00 ,1.00 ,1,2,93.28,0
17,1,0.47 ,0.09 ,0.98 ,0.00 ,1.00 ,1,2,93.28,0
16,1,0.40 ,0.07 ,1.00 ,0.00 ,1.00 ,1,2,93.28,0
15,0,0.00 ,0.00 ,-,0.00 ,-,-,2,93.28,0
14,0,0.00 ,0.00 ,-,0.00 ,-,-,2,93.28,0
13,0,0.00 ,0.00 ,-,0.00 ,-,-,2,93.28,0
12,0,0.00 ,0.00 ,-,0.00 ,-,-,2,93.28,0
11,0,0.00 ,0.00 ,-,0.00 ,-,-,2,93.28,0
10,0,0.00 ,0.00 ,-,0.00 ,-,-,1,93.28,0
9,0,0.00 ,0.00 ,-,0.00 ,-,-,1,93.28,0
8,0,0.00 ,0.00 ,-,0.00 ,-,-,1,93.28,0
7,0,0.00 ,0.00 ,-,0.00 ,-,-,1,93.28,0
6,0,0.00 ,0.00 ,-,0.00 ,-,-,1,93.28,0
5,0,0.00 ,0.00 ,-,0.00 ,-,-,1,93.28,0
4,0,0.00 ,0.00 ,-,0.00 ,-,-,1,93.28,0
3,0,0.00 ,0.00 ,-,0.00 ,-,-,1,93.28,0
2,0,0.00 ,0.00 ,-,0.00 ,-,-,1,93.28,0
1,0,0.00 ,0.00 ,-,0.00 ,-,-,1,93.28,0
30,0,-,0.00 ,-,0.00 ,-,-,4,88,0
29,0,0.00 ,0.00 ,-,0.00 ,-,-,4,88,0
28,0,0.00 ,0.00 ,-,0.00 ,-,-,4,88,0
27,0,0.00 ,0.00 ,-,0.00 ,-,-,4,88,0
26,0,0.00 ,0.00 ,-,0.00 ,-,-,4,88,0
25,1,0.32 ,0.35 ,0.99 ,0.00 ,1.00 ,1,3,88,0
24,1,0.29 ,0.30 ,0.97 ,0.00 ,1.00 ,1,3,88,0
23,1,0.34 ,0.23 ,1.00 ,0.00 ,1.00 ,1,3,88,0
22,1,0.30 ,0.16 ,0.99 ,0.00 ,1.00 ,1,3,88,0
21,1,0.12 ,0.15 ,0.99 ,0.00 ,1.00 ,1,3,88,0
20,1,0.14 ,0.15 ,1.00 ,0.00 ,1.00 ,1,2,88,0
19,1,0.13 ,0.09 ,0.98 ,0.00 ,1.00 ,1,2,88,0
18,1,0.44 ,0.06 ,0.98 ,0.00 ,1.00 ,1,2,88,0
17,1,0.47 ,0.07 ,0.99 ,0.00 ,1.00 ,1,2,88,0
16,1,0.35 ,0.05 ,1.00 ,0.00 ,1.00 ,1,2,88,0
15,0,0.00 ,0.00 ,-,0.00 ,-,-,2,88,0
14,0,0.00 ,0.00 ,-,0.00 ,-,-,2,88,0
13,0,0.00 ,0.00 ,-,0.00 ,-,-,2,88,0
12,0,0.00 ,0.00 ,-,0.00 ,-,-,2,88,0
11,0,0.00 ,0.00 ,-,0.00 ,-,-,2,88,0
10,0,0.00 ,0.00 ,-,0.00 ,-,-,1,88,0
9,0,0.00 ,0.00 ,-,0.00 ,-,-,1,88,0
8,0,0.00 ,0.00 ,-,0.00 ,-,-,1,88,0
7,0,0.00 ,0.00 ,-,0.00 ,-,-,1,88,0
6,0,0.00 ,0.00 ,-,0.00 ,-,-,1,88,0
5,0,0.00 ,0.00 ,-,0.00 ,-,-,1,88,0
4,0,0.00 ,0.00 ,-,0.00 ,-,-,1,88,0
3,0,0.00 ,0.00 ,-,0.00 ,-,-,1,88,0
2,0,0.00 ,0.00 ,-,0.00 ,-,-,1,88,0
1,0,0.00 ,0.00 ,-,0.00 ,-,-,1,88,0
30,4,1.00 ,0.33 ,0.50 ,0.00 ,0.80 ,2.5,4,80,0
29,4,0.74 ,0.46 ,0.73 ,0.00 ,0.85 ,3.4,4,80,0
28,4,0.76 ,0.49 ,0.77 ,0.00 ,0.88 ,3.5,4,80,0
27,4,0.78 ,0.41 ,0.63 ,0.00 ,0.79 ,3.2,4,80,0
26,4,0.80 ,0.31 ,0.62 ,0.00 ,0.77 ,3.2,4,80,0
25,4,0.79 ,0.31 ,0.48 ,0.00 ,0.68 ,2.8,4,80,0
24,4,0.49 ,0.25 ,0.46 ,0.00 ,0.66 ,2.8,4,80,0
23,4,0.76 ,0.22 ,0.40 ,0.00 ,0.62 ,2.6,4,80,0
22,4,0.66 ,0.16 ,0.40 ,0.00 ,0.65 ,2.5,4,80,0
21,4,0.26 ,0.15 ,0.39 ,0.00 ,0.61 ,2.6,4,80,0
20,3,0.76 ,0.12 ,0.53 ,0.00 ,0.71 ,2.3,3,80,0
19,3,0.73 ,0.07 ,0.46 ,0.00 ,0.65 ,2.1,3,80,0
18,3,0.67 ,0.06 ,0.50 ,0.00 ,0.68 ,2.2,3,80,0
17,3,0.82 ,0.06 ,0.48 ,0.00 ,0.68 ,2.1,3,80,0
16,3,0.77 ,0.05 ,0.47 ,0.00 ,0.64 ,2.2,3,80,0
15,3,0.53 ,0.05 ,0.50 ,0.00 ,0.68 ,2.2,3,80,0
14,3,0.71 ,0.04 ,0.44 ,0.00 ,0.65 ,2,3,80,0
13,3,1.00 ,0.03 ,0.41 ,0.00 ,0.64 ,1.9,3,80,0
12,3,1.00 ,0.01 ,0.14 ,0.00 ,0.25 ,1.7,3,80,0
11,3,0.65 ,0.02 ,0.63 ,0.00 ,0.77 ,1.6,3,80,0
10,2,0.77 ,0.03 ,0.67 ,0.00 ,0.80 ,1.7,2,80,0
9,2,0.80 ,0.01 ,1.00 ,0.00 ,1.00 ,2,2,80,0
8,2,0.40 ,0.03 ,1.00 ,0.00 ,1.00 ,2,2,80,0
7,2,1.00 ,0.11 ,0.71 ,0.00 ,0.86 ,1.6,2,80,0
6,2,1.00 ,0.02 ,0.67 ,0.00 ,0.80 ,1.7,2,80,0
5,2,0.73 ,0.03 ,1.00 ,0.00 ,1.00 ,2,2,80,0
4,2,0.22 ,0.02 ,1.00 ,0.00 ,1.00 ,2,2,80,0
3,2,1.00 ,0.01 ,1.00 ,0.00 ,1.00 ,2,2,80,0
2,2,1.00 ,0.01 ,1.00 ,0.00 ,1.00 ,2,2,80,0
1,2,0.34 ,0.02 ,0.61 ,0.00 ,0.80 ,1.5,2,80,0
30,5,1.00 ,0.17 ,0.00 ,0.00 ,0.00 ,2,2,90.1,0
29,5,0.77 ,0.35 ,0.56 ,0.00 ,0.74 ,3.8,2,90.1,0
28,5,0.85 ,0.30 ,0.34 ,0.00 ,0.55 ,3.1,2,90.1,0
27,5,0.95 ,0.23 ,0.37 ,0.00 ,0.59 ,3.1,2,90.1,0
26,5,0.90 ,0.20 ,0.32 ,0.00 ,0.54 ,2.9,2,90.1,0
25,4,0.63 ,0.23 ,0.28 ,0.00 ,0.49 ,2.3,2,90.1,0
24,4,0.34 ,0.16 ,0.21 ,0.00 ,0.40 ,2.1,2,90.1,0
23,4,0.95 ,0.12 ,0.20 ,0.00 ,0.39 ,2,2,90.1,0
22,4,0.80 ,0.09 ,0.16 ,0.00 ,0.31 ,2.1,2,90.1,0
21,4,0.95 ,0.07 ,0.15 ,0.00 ,0.33 ,1.9,2,90.1,0
20,3,0.78 ,0.07 ,0.36 ,0.00 ,0.58 ,1.9,2,90.1,0
19,3,0.84 ,0.04 ,0.22 ,0.00 ,0.38 ,1.8,2,90.1,0
18,3,0.90 ,0.04 ,0.20 ,0.00 ,0.38 ,1.6,2,90.1,0
17,3,0.96 ,0.03 ,0.08 ,0.00 ,0.18 ,1.4,2,90.1,0
16,3,0.96 ,0.03 ,0.13 ,0.00 ,0.27 ,1.4,2,90.1,0
15,2,0.52 ,0.05 ,0.64 ,0.00 ,0.79 ,1.6,2,90.1,0
14,2,0.63 ,0.02 ,0.32 ,0.00 ,0.48 ,1.3,2,90.1,0
13,2,1.00 ,0.02 ,0.25 ,0.00 ,0.44 ,1.1,2,90.1,0
12,2,1.00 ,0.01 ,0.40 ,0.00 ,0.67 ,1.2,2,90.1,0
11,2,0.92 ,0.02 ,0.71 ,0.00 ,0.83 ,1.7,2,90.1,0
10,2,0.77 ,0.03 ,0.67 ,0.00 ,0.80 ,1.7,2,90.1,0
9,2,1.00 ,0.04 ,0.67 ,0.00 ,0.80 ,1.7,2,90.1,0
8,2,1.00 ,0.03 ,0.80 ,0.00 ,0.89 ,1.8,2,90.1,0
7,2,1.00 ,0.02 ,0.33 ,0.00 ,0.67 ,1,2,90.1,0
6,2,0.63 ,0.03 ,0.20 ,0.00 ,0.40 ,1,2,90.1,0
5,1,1.00 ,0.01 ,1.00 ,0.00 ,1.00 ,1,1,90.1,0
4,1,1.00 ,0.03 ,1.00 ,0.00 ,1.00 ,1,1,90.1,0
3,1,0.20 ,0.02 ,0.50 ,0.00 ,1.00 ,0.5,1,90.1,0
2,1,0.50 ,0.01 ,1.00 ,0.00 ,1.00 ,1,1,90.1,0
1,1,0.52 ,0.01 ,1.00 ,0.00 ,1.00 ,1,1,90.1,0
30,1,1.00 ,0.17 ,1.00 ,0.00 ,1.00 ,1,1,87.98,0
29,1,0.23 ,0.58 ,1.00 ,0.00 ,1.00 ,1,1,87.98,0
28,1,0.24 ,0.62 ,0.99 ,0.00 ,1.00 ,1,1,87.98,0
27,1,0.28 ,0.55 ,1.00 ,0.00 ,1.00 ,1,1,87.98,0
26,1,0.30 ,0.45 ,0.98 ,0.00 ,1.00 ,1,1,87.98,0
25,1,0.26 ,0.47 ,0.98 ,0.00 ,1.00 ,1,1,87.98,0
24,1,0.20 ,0.35 ,1.00 ,0.00 ,1.00 ,1,1,87.98,0
23,1,0.31 ,0.29 ,1.00 ,0.00 ,1.00 ,1,1,87.98,0
22,1,0.26 ,0.25 ,0.99 ,0.00 ,1.00 ,1,1,87.98,0
21,1,0.13 ,0.19 ,0.98 ,0.00 ,1.00 ,1,1,87.98,0
20,1,0.32 ,0.16 ,0.99 ,0.00 ,1.00 ,1,1,87.98,0
19,1,0.40 ,0.11 ,0.98 ,0.00 ,1.00 ,1,1,87.98,0
18,1,0.33 ,0.09 ,0.98 ,0.00 ,1.00 ,1,1,87.98,0
17,1,0.38 ,0.08 ,0.99 ,0.00 ,1.00 ,1,1,87.98,0
16,1,0.40 ,0.07 ,0.99 ,0.00 ,1.00 ,1,1,87.98,0
15,1,0.23 ,0.07 ,0.98 ,0.00 ,1.00 ,1,1,87.98,0
14,1,0.33 ,0.05 ,0.96 ,0.00 ,1.00 ,1,1,87.98,0
13,1,0.57 ,0.03 ,0.94 ,0.00 ,1.00 ,0.9,1,87.98,0
12,1,0.57 ,0.02 ,1.00 ,0.00 ,1.00 ,1,1,87.98,0
11,1,0.40 ,0.02 ,1.00 ,0.00 ,1.00 ,1,1,87.98,0
10,1,0.71 ,0.03 ,1.00 ,0.00 ,1.00 ,1,1,87.98,0
9,1,0.33 ,0.03 ,1.00 ,0.00 ,1.00 ,1,1,87.98,0
8,1,0.45 ,0.06 ,1.00 ,0.00 ,1.00 ,1,1,87.98,0
7,1,0.43 ,0.04 ,1.00 ,0.00 ,1.00 ,1,1,87.98,0
6,1,0.57 ,0.05 ,0.89 ,0.00 ,1.00 ,0.9,1,87.98,0
5,1,0.67 ,0.01 ,1.00 ,0.00 ,1.00 ,1,1,87.98,0
4,1,0.70 ,0.05 ,1.00 ,0.00 ,1.00 ,1,1,87.98,0
3,1,0.33 ,0.03 ,0.75 ,0.00 ,1.00 ,0.8,1,87.98,0
2,1,0.83 ,0.04 ,1.00 ,0.00 ,1.00 ,1,1,87.98,0
1,1,0.24 ,0.03 ,0.97 ,0.00 ,1.00 ,1,1,87.98,0
30,7,1.00 ,0.33 ,0.00 ,0.00 ,0.00 ,2,4,87.98,0
29,7,0.84 ,0.50 ,0.48 ,0.00 ,0.69 ,4.9,4,87.98,0
28,7,0.84 ,0.52 ,0.42 ,0.00 ,0.65 ,4.5,4,87.98,0
27,7,0.93 ,0.51 ,0.38 ,0.00 ,0.61 ,4.3,4,87.98,0
26,7,0.94 ,0.43 ,0.25 ,0.00 ,0.46 ,3.7,4,87.98,0
25,6,0.86 ,0.41 ,0.29 ,0.00 ,0.54 ,3.2,4,87.98,0
24,6,0.56 ,0.36 ,0.24 ,0.00 ,0.47 ,3.1,4,87.98,0
23,6,0.89 ,0.30 ,0.20 ,0.00 ,0.43 ,2.8,4,87.98,0
22,6,0.79 ,0.25 ,0.22 ,0.00 ,0.46 ,2.8,4,87.98,0
21,6,0.93 ,0.22 ,0.18 ,0.00 ,0.41 ,2.5,4,87.98,0
20,4,0.72 ,0.16 ,0.21 ,0.00 ,0.41 ,2,4,87.98,0
19,4,0.90 ,0.11 ,0.18 ,0.00 ,0.37 ,1.9,4,87.98,0
18,4,0.71 ,0.09 ,0.20 ,0.00 ,0.43 ,1.9,4,87.98,0
17,4,0.81 ,0.08 ,0.17 ,0.00 ,0.36 ,1.8,4,87.98,0
16,4,0.83 ,0.06 ,0.22 ,0.00 ,0.43 ,2,4,87.98,0
15,3,0.54 ,0.08 ,0.43 ,0.00 ,0.62 ,2.1,3,87.98,0
14,3,0.72 ,0.04 ,0.30 ,0.00 ,0.52 ,1.7,3,87.98,0
13,3,0.94 ,0.05 ,0.08 ,0.00 ,0.18 ,1.4,3,87.98,0
12,3,0.90 ,0.05 ,0.18 ,0.00 ,0.34 ,1.6,3,87.98,0
11,3,0.73 ,0.04 ,0.29 ,0.00 ,0.50 ,1.8,3,87.98,0
10,2,0.94 ,0.05 ,0.78 ,0.00 ,0.93 ,1.7,2,87.98,0
9,2,0.80 ,0.06 ,0.30 ,0.00 ,0.50 ,1.2,2,87.98,0
8,2,0.50 ,0.08 ,0.58 ,0.00 ,0.74 ,1.6,2,87.98,0
7,2,0.50 ,0.03 ,0.50 ,0.00 ,0.67 ,1.5,2,87.98,0
6,2,0.70 ,0.04 ,0.33 ,0.00 ,0.57 ,1.2,2,87.98,0
5,1,0.67 ,0.03 ,1.00 ,0.00 ,1.00 ,1,1,87.98,0
4,1,0.75 ,0.04 ,1.00 ,0.00 ,1.00 ,1,1,87.98,0
3,1,0.33 ,0.05 ,1.00 ,0.00 ,1.00 ,1,1,87.98,0
2,1,0.50 ,0.02 ,0.50 ,0.00 ,1.00 ,0.5,1,87.98,0
1,1,0.40 ,0.03 ,1.00 ,0.00 ,1.00 ,1,1,87.98,0
30,6,1.00 ,0.33 ,0.50 ,0.00 ,0.86 ,3.5,6,84.8,0
29,6,0.94 ,0.45 ,0.27 ,0.00 ,0.46 ,3.5,6,84.8,0
28,6,0.96 ,0.38 ,0.29 ,0.00 ,0.50 ,3.5,6,84.8,0
27,6,0.87 ,0.33 ,0.17 ,0.00 ,0.36 ,2.8,6,84.8,0
26,6,0.96 ,0.33 ,0.09 ,0.00 ,0.22 ,2.5,6,84.8,0
25,5,0.96 ,0.34 ,0.13 ,0.00 ,0.30 ,2.2,5,84.8,0
24,5,0.83 ,0.27 ,0.16 ,0.00 ,0.34 ,2.3,5,84.8,0
23,5,0.93 ,0.24 ,0.16 ,0.00 ,0.36 ,2.2,5,84.8,0
22,5,0.97 ,0.19 ,0.10 ,0.00 ,0.26 ,2,5,84.8,0
21,5,0.96 ,0.15 ,0.11 ,0.00 ,0.28 ,2,5,84.8,0
20,3,0.81 ,0.11 ,0.28 ,0.00 ,0.45 ,1.9,3,84.8,0
19,3,0.70 ,0.11 ,0.21 ,0.00 ,0.36 ,1.7,3,84.8,0
18,3,0.94 ,0.07 ,0.23 ,0.00 ,0.41 ,1.7,3,84.8,0
17,3,0.88 ,0.06 ,0.21 ,0.00 ,0.36 ,1.7,3,84.8,0
16,3,0.90 ,0.04 ,0.08 ,0.00 ,0.17 ,1.5,3,84.8,0
15,3,0.72 ,0.07 ,0.22 ,0.00 ,0.39 ,1.7,3,84.8,0
14,3,0.93 ,0.05 ,0.19 ,0.00 ,0.36 ,1.6,3,84.8,0
13,3,1.00 ,0.02 ,0.18 ,0.00 ,0.33 ,1.6,3,84.8,0
12,3,1.00 ,0.03 ,0.08 ,0.00 ,0.20 ,1.3,3,84.8,0
11,3,0.02 ,0.03 ,0.15 ,0.00 ,0.32 ,1.5,3,84.8,0
10,2,1.00 ,0.03 ,0.20 ,0.00 ,0.33 ,1.2,2,84.8,0
9,2,0.53 ,0.03 ,0.60 ,0.00 ,0.75 ,1.6,2,84.8,0
8,2,0.67 ,0.02 ,1.00 ,0.00 ,1.00 ,2,2,84.8,0
7,2,1.00 ,0.01 ,1.00 ,0.00 ,1.00 ,2,2,84.8,0
6,2,0.83 ,0.04 ,0.67 ,0.00 ,0.80 ,1.7,2,84.8,0
5,2,1.00 ,0.02 ,0.00 ,0.00 ,0.00 ,1,2,84.8,0
4,2,1.00 ,0.02 ,0.00 ,0.00 ,0.00 ,1,2,84.8,0
3,2,0.43 ,0.03 ,0.50 ,0.00 ,0.67 ,1.5,2,84.8,0
2,2,1.00 ,0.02 ,0.50 ,0.00 ,0.67 ,1.5,2,84.8,0
1,2,0.71 ,0.03 ,0.56 ,0.00 ,0.75 ,1.5,2,84.8,0
30,0,0.00 ,0.00 ,-,0.00 ,-,-,0,66.78,0
29,0,0.08 ,0.11 ,1.00 ,0.00 ,1.00 ,3,0,66.78,0
28,0,0.08 ,0.14 ,0.98 ,0.00 ,0.99 ,3,0,66.78,0
27,0,0.08 ,0.15 ,1.00 ,0.00 ,1.00 ,3,0,66.78,0
26,0,0.07 ,0.11 ,1.00 ,0.00 ,1.00 ,3,0,66.78,0
25,0,0.05 ,0.08 ,1.00 ,0.00 ,1.00 ,2.9,0,66.78,0
24,0,0.06 ,0.11 ,1.00 ,0.00 ,1.00 ,2.9,0,66.78,0
23,0,0.03 ,0.06 ,1.00 ,0.00 ,1.00 ,2.9,0,66.78,0
22,0,0.05 ,0.08 ,1.00 ,0.00 ,1.00 ,2.9,0,66.78,0
21,0,0.03 ,0.06 ,1.00 ,0.00 ,1.00 ,2.8,0,66.78,0
20,0,0.03 ,0.04 ,0.98 ,0.00 ,1.00 ,2.8,0,66.78,0
19,0,0.02 ,0.03 ,0.98 ,0.00 ,0.99 ,2.8,0,66.78,0
18,0,0.02 ,0.02 ,1.00 ,0.00 ,1.00 ,2.7,0,66.78,0
17,0,0.02 ,0.02 ,1.00 ,0.00 ,1.00 ,2.9,0,66.78,0
16,0,0.01 ,0.01 ,1.00 ,0.00 ,1.00 ,2.3,0,66.78,0
15,0,0.01 ,0.01 ,1.00 ,0.00 ,1.00 ,2.9,0,66.78,0
14,0,0.00 ,0.00 ,1.00 ,0.00 ,1.00 ,3,0,66.78,0
13,0,0.01 ,0.00 ,1.00 ,0.00 ,1.00 ,2,0,66.78,0
12,0,0.01 ,0.00 ,1.00 ,0.00 ,1.00 ,2.5,0,66.78,0
11,0,0.01 ,0.01 ,1.00 ,0.00 ,1.00 ,2.7,0,66.78,0
10,0,0.01 ,0.01 ,1.00 ,0.00 ,1.00 ,2,0,66.78,0
9,0,0.00 ,0.00 ,-,0.00 ,-,-,0,66.78,0
8,0,0.02 ,0.01 ,1.00 ,0.00 ,1.00 ,3,0,66.78,0
7,0,0.00 ,0.00 ,-,0.00 ,-,-,0,66.78,0
6,0,0.01 ,0.01 ,1.00 ,0.00 ,1.00 ,1,0,66.78,0
5,0,0.00 ,0.00 ,-,0.00 ,-,-,0,66.78,0
4,0,0.00 ,0.00 ,-,0.00 ,-,-,0,66.78,0
3,0,0.00 ,0.00 ,-,0.00 ,-,-,0,66.78,0
2,0,0.03 ,0.01 ,1.00 ,0.00 ,1.00 ,3,0,66.78,0
1,0,0.01 ,0.00 ,1.00 ,0.00 ,1.00 ,2,0,66.78,0
30,5,1.00 ,0.33 ,1.00 ,0.33 ,1.00 ,5,5,455.8,1
29,3,0.50 ,0.05 ,0.57 ,0.04 ,0.71 ,2.4,3,455.8,1
28,2,0.83 ,0.03 ,0.90 ,0.03 ,0.95 ,1.9,2,455.8,1
27,2,0.95 ,0.02 ,0.82 ,0.02 ,0.90 ,1.8,2,455.8,1
26,2,0.81 ,0.03 ,0.50 ,0.02 ,0.71 ,1.4,2,455.8,1
25,1,0.60 ,0.02 ,1.00 ,0.02 ,1.00 ,1,1,455.8,1
24,1,0.83 ,0.01 ,0.91 ,0.01 ,1.00 ,0.9,1,455.8,1
23,0,0.00 ,0.00 ,-,0.00 ,-,-,0,455.8,1
22,0,0.00 ,0.00 ,-,0.00 ,-,-,0,455.8,1
21,0,0.00 ,0.00 ,-,0.00 ,-,-,0,455.8,1
20,0,0.00 ,0.00 ,-,0.00 ,-,-,0,455.8,1
19,0,0.00 ,0.00 ,-,0.00 ,-,-,0,455.8,1
18,0,0.00 ,0.00 ,-,0.00 ,-,-,0,455.8,1
17,0,-,0.00 ,-,0.00 ,-,-,0,455.8,1
16,0,0.00 ,0.00 ,-,0.00 ,-,-,0,455.8,1
15,0,0.00 ,0.00 ,-,0.00 ,-,-,0,455.8,1
14,0,0.00 ,0.00 ,-,0.00 ,-,-,0,455.8,1
13,0,-,0.00 ,-,0.00 ,-,-,0,455.8,1
12,0,-,0.00 ,-,0.00 ,-,-,0,455.8,1
11,0,0.00 ,0.00 ,-,0.00 ,-,-,0,455.8,1
10,0,0.00 ,0.00 ,-,0.00 ,-,-,0,455.8,1
9,0,-,0.00 ,-,0.00 ,-,-,0,455.8,1
8,0,-,0.00 ,-,0.00 ,-,-,0,455.8,1
7,0,0.00 ,0.00 ,-,0.00 ,-,-,0,455.8,1
6,0,-,0.00 ,-,0.00 ,-,-,0,455.8,1
5,0,-,0.00 ,-,0.00 ,-,-,0,455.8,1
4,0,-,0.00 ,-,0.00 ,-,-,0,455.8,1
3,0,-,0.00 ,-,0.00 ,-,-,0,455.8,1
2,0,-,0.00 ,-,0.00 ,-,-,0,455.8,1
1,0,0.00 ,0.00 ,-,0.00 ,-,-,0,455.8,1
30,10,1.00 ,0.17 ,1.00 ,0.17 ,1.00 ,10,10,360.4,1
29,6,0.83 ,0.34 ,0.53 ,0.25 ,0.72 ,4.4,7,360.4,1
28,5,0.93 ,0.23 ,0.58 ,0.16 ,0.79 ,3.6,5,360.4,1
27,4,0.78 ,0.15 ,0.59 ,0.11 ,0.78 ,3,4,360.4,1
26,3,0.80 ,0.12 ,0.50 ,0.09 ,0.68 ,2.2,3,360.4,1
25,2,0.76 ,0.09 ,0.84 ,0.09 ,0.93 ,1.8,2,360.4,1
24,2,0.60 ,0.07 ,0.77 ,0.06 ,0.90 ,1.7,2,360.4,1
23,2,0.76 ,0.05 ,0.77 ,0.04 ,0.89 ,1.7,2,360.4,1
22,2,0.80 ,0.03 ,0.58 ,0.03 ,0.77 ,1.5,2,360.4,1
21,2,0.68 ,0.02 ,0.77 ,0.02 ,0.87 ,1.8,2,360.4,1
20,2,0.57 ,0.03 ,0.93 ,0.01 ,1.00 ,0.9,2,360.4,1
19,1,0.42 ,0.02 ,0.93 ,0.01 ,1.00 ,0.9,1,360.4,1
18,1,0.48 ,0.01 ,1.00 ,0.01 ,1.00 ,1,1,360.4,1
17,1,0.56 ,0.01 ,1.00 ,0.01 ,1.00 ,1,1,360.4,1
16,1,0.52 ,0.01 ,1.00 ,0.01 ,1.00 ,1,1,360.4,1
15,1,0.64 ,0.02 ,1.00 ,0.02 ,1.00 ,1,1,360.4,1
14,1,0.31 ,0.01 ,0.83 ,0.00 ,1.00 ,0.8,1,360.4,1
13,1,0.20 ,0.00 ,1.00 ,0.00 ,1.00 ,1,1,360.4,1
12,1,1.00 ,0.00 ,1.00 ,0.00 ,1.00 ,1,1,360.4,1
11,1,0.67 ,0.00 ,1.00 ,0.00 ,1.00 ,1,1,360.4,1
10,0,0.00 ,0.00 ,-,0.00 ,-,-,0,360.4,1
9,0,-,0.00 ,-,0.00 ,-,-,0,360.4,1
8,0,0.00 ,0.00 ,-,0.00 ,-,-,0,360.4,1
7,0,0.00 ,0.00 ,-,0.00 ,-,-,0,360.4,1
6,0,-,0.00 ,-,0.00 ,-,-,0,360.4,1
5,0,0.00 ,0.00 ,-,0.00 ,-,-,0,360.4,1
4,0,0.00 ,0.00 ,-,0.00 ,-,-,0,360.4,1
3,0,-,0.00 ,-,0.00 ,-,-,0,360.4,1
2,0,0.00 ,0.00 ,-,0.00 ,-,-,0,360.4,1
1,0,0.00 ,0.00 ,-,0.00 ,-,-,0,360.4,1
30,10,1.00 ,0.50 ,0.67 ,0.43 ,0.77 ,8.7,10,263,1
29,8,0.92 ,0.57 ,0.54 ,0.43 ,0.73 ,6,8,263,1
28,8,0.96 ,0.39 ,0.35 ,0.24 ,0.57 ,4.9,8,263,1
27,6,0.90 ,0.33 ,0.39 ,0.21 ,0.62 ,3.8,6,263,1
26,6,0.96 ,0.28 ,0.24 ,0.16 ,0.43 ,3.3,6,263,1
25,6,0.97 ,0.25 ,0.20 ,0.13 ,0.39 ,3.1,6,263,1
24,5,0.95 ,0.20 ,0.24 ,0.11 ,0.44 ,2.8,5,263,1
23,5,0.96 ,0.16 ,0.19 ,0.08 ,0.38 ,2.6,5,263,1
22,5,0.99 ,0.10 ,0.16 ,0.04 ,0.35 ,2.2,5,263,1
21,4,0.94 ,0.09 ,0.25 ,0.05 ,0.46 ,2.2,4,263,1
20,3,0.77 ,0.07 ,0.37 ,0.05 ,0.54 ,2,3,263,1
19,3,0.84 ,0.04 ,0.32 ,0.03 ,0.51 ,1.9,3,263,1
18,2,0.79 ,0.05 ,0.50 ,0.04 ,0.68 ,1.5,2,263,1
17,2,0.86 ,0.03 ,0.52 ,0.02 ,0.71 ,1.5,2,263,1
16,2,0.72 ,0.03 ,0.57 ,0.02 ,0.74 ,1.5,2,263,1
15,1,0.48 ,0.04 ,1.00 ,0.04 ,1.00 ,1,1,263,1
14,1,0.54 ,0.02 ,0.95 ,0.02 ,1.00 ,1,1,263,1
13,1,0.01 ,0.02 ,1.00 ,0.02 ,1.00 ,1,1,263,1
12,1,0.40 ,0.02 ,1.00 ,0.02 ,1.00 ,1,1,263,1
11,1,0.50 ,0.02 ,1.00 ,0.02 ,1.00 ,1,1,263,1
10,1,0.00 ,0.00 ,-,0.00 ,-,-,1,263,1
9,1,0.00 ,0.00 ,-,0.00 ,-,-,1,263,1
8,1,0.00 ,0.00 ,-,0.00 ,-,-,1,263,1
7,1,0.00 ,0.00 ,-,0.00 ,-,-,1,263,1
6,1,0.00 ,0.00 ,-,0.00 ,-,-,1,263,1
5,1,0.00 ,0.00 ,-,0.00 ,-,-,1,263,1
4,1,0.00 ,0.00 ,-,0.00 ,-,-,1,263,1
3,1,0.00 ,0.00 ,-,0.00 ,-,-,1,263,1
2,1,0.00 ,0.00 ,-,0.00 ,-,-,1,263,1
1,1,0.00 ,0.00 ,-,0.00 ,-,-,1,263,1
30,2,1.00 ,0.33 ,0.50 ,0.25 ,0.67 ,1.5,2,201.4,1
29,2,0.77 ,0.29 ,0.88 ,0.27 ,0.94 ,1.9,2,201.4,1
28,2,0.82 ,0.16 ,0.75 ,0.14 ,0.85 ,1.7,2,201.4,1
27,1,0.48 ,0.11 ,0.96 ,0.11 ,1.00 ,1,1,201.4,1
26,1,0.71 ,0.15 ,0.98 ,0.15 ,1.00 ,1,1,201.4,1
25,1,0.60 ,0.09 ,0.98 ,0.08 ,1.00 ,1,1,201.4,1
24,1,0.61 ,0.09 ,1.00 ,0.09 ,1.00 ,1,1,201.4,1
23,1,0.66 ,0.07 ,0.99 ,0.07 ,1.00 ,1,1,201.4,1
22,1,0.71 ,0.06 ,0.96 ,0.06 ,1.00 ,1,1,201.4,1
21,1,0.70 ,0.05 ,1.00 ,0.05 ,1.00 ,1,1,201.4,1
20,1,0.59 ,0.04 ,0.98 ,0.04 ,1.00 ,1,1,201.4,1
19,0,0.00 ,0.00 ,-,0.00 ,-,-,1,201.4,1
18,0,0.00 ,0.00 ,-,0.00 ,-,-,1,201.4,1
17,0,0.00 ,0.00 ,-,0.00 ,-,-,1,201.4,1
16,0,0.00 ,0.00 ,-,0.00 ,-,-,1,201.4,1
15,0,0.00 ,0.00 ,-,0.00 ,-,-,1,201.4,1
14,0,0.00 ,0.00 ,-,0.00 ,-,-,1,201.4,1
13,0,0.00 ,0.00 ,-,0.00 ,-,-,1,201.4,1
12,0,0.00 ,0.00 ,-,0.00 ,-,-,1,201.4,1
11,0,0.00 ,0.00 ,-,0.00 ,-,-,1,201.4,1
10,0,0.00 ,0.00 ,-,0.00 ,-,-,0,201.4,1
9,0,0.00 ,0.00 ,-,0.00 ,-,-,0,201.4,1
8,0,0.00 ,0.00 ,-,0.00 ,-,-,0,201.4,1
7,0,0.00 ,0.00 ,-,0.00 ,-,-,0,201.4,1
6,0,0.00 ,0.00 ,-,0.00 ,-,-,0,201.4,1
5,0,-,0.00 ,-,0.00 ,-,-,0,201.4,1
4,0,0.00 ,0.00 ,-,0.00 ,-,-,0,201.4,1
3,0,0.00 ,0.00 ,-,0.00 ,-,-,0,201.4,1
2,0,-,0.00 ,-,0.00 ,-,-,0,201.4,1
1,0,0.00 ,0.00 ,-,0.00 ,-,-,0,201.4,1
30,9,1.00 ,0.33 ,1.00 ,0.33 ,1.00 ,9,9,190.8,1
29,8,0.94 ,0.47 ,0.36 ,0.29 ,0.58 ,5,8,190.8,1
28,8,0.99 ,0.37 ,0.15 ,0.17 ,0.32 ,3.6,8,190.8,1
27,7,0.99 ,0.25 ,0.10 ,0.10 ,0.26 ,2.8,7,190.8,1
26,7,0.95 ,0.25 ,0.08 ,0.10 ,0.20 ,2.7,7,190.8,1
25,6,0.96 ,0.21 ,0.10 ,0.08 ,0.25 ,2.4,6,190.8,1
24,6,0.98 ,0.20 ,0.08 ,0.07 ,0.21 ,2.2,6,190.8,1
23,5,0.74 ,0.14 ,0.11 ,0.06 ,0.26 ,2.1,5,190.8,1
22,4,0.67 ,0.11 ,0.14 ,0.05 ,0.31 ,1.9,4,190.8,1
21,4,0.97 ,0.08 ,0.12 ,0.03 ,0.29 ,1.6,4,190.8,1
20,3,0.97 ,0.06 ,0.12 ,0.03 ,0.23 ,1.6,3,190.8,1
19,3,0.94 ,0.06 ,0.21 ,0.03 ,0.39 ,1.6,3,190.8,1
18,3,0.91 ,0.06 ,0.26 ,0.03 ,0.44 ,1.8,3,190.8,1
17,3,0.86 ,0.03 ,0.18 ,0.02 ,0.35 ,1.5,3,190.8,1
16,3,0.95 ,0.02 ,0.13 ,0.01 ,0.26 ,1.5,3,190.8,1
15,3,0.87 ,0.04 ,0.31 ,0.02 ,0.52 ,1.8,3,190.8,1
14,2,0.93 ,0.03 ,0.34 ,0.02 ,0.51 ,1.3,2,190.8,1
13,2,0.92 ,0.03 ,0.64 ,0.02 ,0.78 ,1.6,2,190.8,1
12,2,1.00 ,0.01 ,0.40 ,0.01 ,0.57 ,1.4,2,190.8,1
11,2,0.67 ,0.01 ,0.33 ,0.01 ,0.50 ,1.3,2,190.8,1
10,1,0.77 ,0.05 ,1.00 ,0.05 ,1.00 ,1,1,190.8,1
9,1,1.00 ,0.02 ,0.75 ,0.02 ,1.00 ,0.8,1,190.8,1
8,1,0.63 ,0.03 ,1.00 ,0.03 ,1.00 ,1,1,190.8,1
7,1,1.00 ,0.01 ,1.00 ,0.01 ,1.00 ,1,1,190.8,1
6,1,1.00 ,0.03 ,1.00 ,0.03 ,1.00 ,1,1,190.8,1
5,1,1.00 ,0.01 ,1.00 ,0.01 ,1.00 ,1,1,190.8,1
4,1,0.67 ,0.05 ,0.86 ,0.04 ,1.00 ,0.9,1,190.8,1
3,1,0.67 ,0.02 ,1.00 ,0.02 ,1.00 ,1,1,190.8,1
2,1,0.53 ,0.07 ,1.00 ,0.07 ,1.00 ,1,1,190.8,1
1,1,0.47 ,0.04 ,0.96 ,0.04 ,1.00 ,1,1,190.8,1
30,3,1.00 ,0.50 ,1.00 ,0.50 ,1.00 ,3,4,188.68,1
29,2,0.82 ,0.34 ,0.93 ,0.33 ,0.97 ,1.9,3,188.68,1
28,1,0.31 ,0.23 ,1.00 ,0.23 ,1.00 ,1,2,188.68,1
27,1,0.54 ,0.17 ,0.99 ,0.16 ,1.00 ,1,2,188.68,1
26,1,0.58 ,0.11 ,0.98 ,0.11 ,1.00 ,1,1,188.68,1
25,1,0.66 ,0.11 ,0.98 ,0.11 ,1.00 ,1,1,188.68,1
24,1,0.60 ,0.10 ,0.96 ,0.09 ,1.00 ,1,1,188.68,1
23,0,0.00 ,0.00 ,-,0.00 ,-,-,1,188.68,1
22,0,0.00 ,0.00 ,-,0.00 ,-,-,0,188.68,1
21,0,0.00 ,0.00 ,-,0.00 ,-,-,0,188.68,1
20,0,0.00 ,0.00 ,-,0.00 ,-,-,0,188.68,1
19,0,0.00 ,0.00 ,-,0.00 ,-,-,0,188.68,1
18,0,0.00 ,0.00 ,-,0.00 ,-,-,0,188.68,1
17,0,0.00 ,0.00 ,-,0.00 ,-,-,0,188.68,1
16,0,0.00 ,0.00 ,-,0.00 ,-,-,0,188.68,1
15,0,0.00 ,0.00 ,-,0.00 ,-,-,0,188.68,1
14,0,0.00 ,0.00 ,-,0.00 ,-,-,0,188.68,1
13,0,0.00 ,0.00 ,-,0.00 ,-,-,0,188.68,1
12,0,0.00 ,0.00 ,-,0.00 ,-,-,0,188.68,1
11,0,0.00 ,0.00 ,-,0.00 ,-,-,0,188.68,1
10,0,0.00 ,0.00 ,-,0.00 ,-,-,0,188.68,1
9,0,0.00 ,0.00 ,-,0.00 ,-,-,0,188.68,1
8,0,0.00 ,0.00 ,-,0.00 ,-,-,0,188.68,1
7,0,0.00 ,0.00 ,-,0.00 ,-,-,0,188.68,1
6,0,-,0.00 ,-,0.00 ,-,-,0,188.68,1
5,0,-,0.00 ,-,0.00 ,-,-,0,188.68,1
4,0,-,0.00 ,-,0.00 ,-,-,0,188.68,1
3,0,-,0.00 ,-,0.00 ,-,-,0,188.68,1
2,0,-,0.00 ,-,0.00 ,-,-,0,188.68,1
1,0,0.00 ,0.00 ,-,0.00 ,-,-,0,188.68,1
30,6,1.00 ,0.17 ,1.00 ,0.17 ,1.00 ,6,4,185.5,1
29,5,0.79 ,0.30 ,0.54 ,0.22 ,0.73 ,3.7,4,185.5,1
28,5,0.93 ,0.19 ,0.28 ,0.11 ,0.49 ,2.9,4,185.5,1
27,4,0.95 ,0.14 ,0.35 ,0.09 ,0.54 ,2.6,4,185.5,1
26,4,0.94 ,0.11 ,0.23 ,0.06 ,0.40 ,2.3,4,185.5,1
25,3,0.96 ,0.11 ,0.42 ,0.08 ,0.60 ,2.1,3,185.5,1
24,3,0.92 ,0.08 ,0.33 ,0.05 ,0.53 ,1.9,3,185.5,1
23,3,0.56 ,0.06 ,0.34 ,0.04 ,0.53 ,1.9,3,185.5,1
22,3,0.95 ,0.03 ,0.24 ,0.02 ,0.39 ,1.9,3,185.5,1
21,3,0.96 ,0.03 ,0.19 ,0.02 ,0.32 ,1.8,3,185.5,1
20,1,0.68 ,0.03 ,1.00 ,0.03 ,1.00 ,1,1,185.5,1
19,1,0.52 ,0.02 ,0.97 ,0.02 ,1.00 ,1,1,185.5,1
18,1,0.55 ,0.02 ,1.00 ,0.02 ,1.00 ,1,1,185.5,1
17,1,0.45 ,0.01 ,1.00 ,0.01 ,1.00 ,1,1,185.5,1
16,1,0.43 ,0.01 ,1.00 ,0.01 ,1.00 ,1,1,185.5,1
15,1,0.62 ,0.02 ,1.00 ,0.02 ,1.00 ,1,1,185.5,1
14,1,0.43 ,0.01 ,1.00 ,0.01 ,1.00 ,1,1,185.5,1
13,1,0.67 ,0.01 ,1.00 ,0.01 ,1.00 ,1,1,185.5,1
12,1,0.75 ,0.01 ,1.00 ,0.01 ,1.00 ,1,1,185.5,1
11,1,1.00 ,0.01 ,1.00 ,0.01 ,1.00 ,1,1,185.5,1
10,1,1.00 ,0.01 ,1.00 ,0.01 ,1.00 ,1,1,185.5,1
9,1,0.43 ,0.02 ,1.00 ,0.02 ,1.00 ,1,1,185.5,1
8,1,0.75 ,0.02 ,1.00 ,0.02 ,1.00 ,1,1,185.5,1
7,1,0.50 ,0.01 ,1.00 ,0.01 ,1.00 ,1,1,185.5,1
6,1,0.43 ,0.02 ,1.00 ,0.02 ,1.00 ,1,1,185.5,1
5,1,-,0.00 ,-,0.00 ,-,-,1,185.5,1
4,1,1.00 ,0.01 ,1.00 ,0.01 ,1.00 ,1,1,185.5,1
3,1,-,0.00 ,-,0.00 ,-,-,1,185.5,1
2,1,1.00 ,0.03 ,1.00 ,0.03 ,1.00 ,1,1,185.5,1
1,1,0.68 ,0.01 ,1.00 ,0.01 ,1.00 ,1,1,185.5,1
30,9,1.00 ,0.33 ,1.00 ,0.33 ,1.00 ,9,9,167.48,1
29,7,0.92 ,0.48 ,0.34 ,0.30 ,0.53 ,4.5,7,167.48,1
28,7,0.98 ,0.40 ,0.13 ,0.20 ,0.27 ,3.4,7,167.48,1
27,6,0.98 ,0.35 ,0.19 ,0.19 ,0.37 ,3.1,6,167.48,1
26,6,0.92 ,0.27 ,0.15 ,0.12 ,0.34 ,2.6,6,167.48,1
25,5,0.97 ,0.30 ,0.16 ,0.15 ,0.32 ,2.5,5,167.48,1
24,5,0.46 ,0.23 ,0.14 ,0.10 ,0.31 ,2.3,5,167.48,1
23,5,0.97 ,0.20 ,0.15 ,0.09 ,0.34 ,2.2,5,167.48,1
22,5,0.97 ,0.13 ,0.07 ,0.05 ,0.18 ,1.9,5,167.48,1
21,5,1.00 ,0.12 ,0.05 ,0.04 ,0.13 ,1.7,5,167.48,1
20,3,0.85 ,0.10 ,0.17 ,0.05 ,0.31 ,1.6,3,167.48,1
19,3,0.69 ,0.08 ,0.20 ,0.04 ,0.36 ,1.6,3,167.48,1
18,3,0.92 ,0.07 ,0.22 ,0.04 ,0.39 ,1.7,3,167.48,1
17,3,0.91 ,0.05 ,0.13 ,0.03 ,0.25 ,1.5,3,167.48,1
16,3,0.85 ,0.03 ,0.14 ,0.02 ,0.29 ,1.5,3,167.48,1
15,3,0.84 ,0.05 ,0.39 ,0.03 ,0.61 ,1.9,3,167.48,1
14,3,0.94 ,0.04 ,0.19 ,0.02 ,0.36 ,1.6,3,167.48,1
13,3,1.00 ,0.03 ,0.17 ,0.02 ,0.31 ,1.6,3,167.48,1
12,3,1.00 ,0.01 ,0.14 ,0.01 ,0.30 ,1.4,3,167.48,1
11,3,1.00 ,0.04 ,0.00 ,0.01 ,0.00 ,1.1,3,167.48,1
10,2,0.89 ,0.05 ,0.78 ,0.04 ,0.88 ,1.8,2,167.48,1
9,2,0.73 ,0.04 ,0.57 ,0.03 ,0.73 ,1.6,2,167.48,1
8,2,0.85 ,0.06 ,0.70 ,0.05 ,0.82 ,1.7,2,167.48,1
7,2,1.00 ,0.01 ,1.00 ,0.01 ,1.00 ,2,2,167.48,1
6,2,1.00 ,0.02 ,0.25 ,0.01 ,0.40 ,1.3,2,167.48,1
5,2,1.00 ,0.01 ,0.00 ,0.01 ,0.00 ,1,2,167.48,1
4,2,1.00 ,0.03 ,0.25 ,0.02 ,0.40 ,1.3,2,167.48,1
3,2,1.00 ,0.03 ,0.25 ,0.02 ,0.40 ,1.3,2,167.48,1
2,2,0.79 ,0.05 ,0.83 ,0.05 ,0.91 ,1.8,2,167.48,1
1,2,0.88 ,0.04 ,0.67 ,0.03 ,0.80 ,1.7,2,167.48,1
30,6,1.00 ,0.17 ,1.00 ,0.17 ,1.00 ,6,6,167.48,1
29,5,0.93 ,0.31 ,0.43 ,0.20 ,0.65 ,3.3,5,167.48,1
28,4,0.93 ,0.21 ,0.37 ,0.14 ,0.57 ,2.6,4,167.48,1
27,4,0.87 ,0.17 ,0.24 ,0.09 ,0.44 ,2.1,4,167.48,1
26,4,0.97 ,0.16 ,0.23 ,0.09 ,0.40 ,2.3,4,167.48,1
25,4,0.90 ,0.12 ,0.17 ,0.06 ,0.37 ,1.8,4,167.48,1
24,4,0.64 ,0.11 ,0.15 ,0.05 ,0.32 ,1.9,4,167.48,1
23,4,0.95 ,0.09 ,0.12 ,0.04 ,0.27 ,1.8,4,167.48,1
22,3,0.94 ,0.06 ,0.13 ,0.03 ,0.26 ,1.5,3,167.48,1
21,3,0.96 ,0.04 ,0.15 ,0.02 ,0.31 ,1.4,3,167.48,1
20,3,0.97 ,0.04 ,0.19 ,0.02 ,0.33 ,1.7,3,167.48,1
19,3,0.96 ,0.03 ,0.23 ,0.01 ,0.45 ,1.5,3,167.48,1
18,3,0.90 ,0.03 ,0.35 ,0.02 ,0.60 ,1.8,3,167.48,1
17,3,1.00 ,0.01 ,0.00 ,0.00 ,0.00 ,1,3,167.48,1
16,3,0.66 ,0.02 ,0.21 ,0.01 ,0.41 ,1.5,3,167.48,1
15,2,0.85 ,0.02 ,0.46 ,0.02 ,0.63 ,1.5,2,167.48,1
14,2,0.93 ,0.02 ,0.56 ,0.01 ,0.74 ,1.5,2,167.48,1
13,2,0.67 ,0.01 ,1.00 ,0.01 ,1.00 ,2,2,167.48,1
12,2,1.00 ,0.00 ,0.00 ,0.00 ,0.00 ,1,2,167.48,1
11,2,1.00 ,0.01 ,0.50 ,0.01 ,0.67 ,1.5,2,167.48,1
10,1,0.83 ,0.03 ,1.00 ,0.03 ,1.00 ,1,1,167.48,1
9,1,0.25 ,0.02 ,1.00 ,0.02 ,1.00 ,1,1,167.48,1
8,1,0.67 ,0.03 ,1.00 ,0.03 ,1.00 ,1,1,167.48,1
7,1,0.50 ,0.01 ,1.00 ,0.01 ,1.00 ,1,1,167.48,1
6,1,-,0.00 ,-,0.00 ,-,-,1,167.48,1
5,1,-,0.00 ,-,0.00 ,-,-,1,167.48,1
4,1,-,0.00 ,-,0.00 ,-,-,1,167.48,1
3,1,-,0.00 ,-,0.00 ,-,-,1,167.48,1
2,1,0.67 ,0.02 ,1.00 ,0.02 ,1.00 ,1,1,167.48,1
1,1,0.42 ,0.01 ,1.00 ,0.01 ,1.00 ,1,1,167.48,1
30,2,1.00 ,0.33 ,0.50 ,0.25 ,0.67 ,1.5,2,129.3,1
29,2,0.66 ,0.21 ,0.83 ,0.19 ,0.91 ,1.8,2,129.3,1
28,1,0.35 ,0.14 ,1.00 ,0.14 ,1.00 ,1,1,129.3,1
27,1,0.56 ,0.10 ,1.00 ,0.10 ,1.00 ,1,1,129.3,1
26,1,0.60 ,0.11 ,1.00 ,0.11 ,1.00 ,1,1,129.3,1
25,1,0.71 ,0.09 ,1.00 ,0.09 ,1.00 ,1,1,129.3,1
24,1,0.38 ,0.09 ,1.00 ,0.09 ,1.00 ,1,1,129.3,1
23,1,0.67 ,0.07 ,0.99 ,0.07 ,1.00 ,1,1,129.3,1
22,1,0.76 ,0.07 ,0.97 ,0.07 ,1.00 ,1,1,129.3,1
21,1,0.80 ,0.03 ,0.97 ,0.03 ,1.00 ,1,1,129.3,1
20,1,0.05 ,0.04 ,1.00 ,0.04 ,1.00 ,1,1,129.3,1
19,1,0.71 ,0.03 ,0.98 ,0.03 ,1.00 ,1,1,129.3,1
18,1,0.85 ,0.03 ,0.97 ,0.03 ,1.00 ,1,1,129.3,1
17,1,0.86 ,0.03 ,1.00 ,0.03 ,1.00 ,1,1,129.3,1
16,1,0.87 ,0.03 ,0.96 ,0.02 ,1.00 ,1,1,129.3,1
15,0,0.00 ,0.00 ,-,0.00 ,-,-,1,129.3,1
14,0,0.00 ,0.00 ,-,0.00 ,-,-,1,129.3,1
13,0,0.00 ,0.00 ,-,0.00 ,-,-,1,129.3,1
12,0,0.00 ,0.00 ,-,0.00 ,-,-,1,129.3,1
11,0,0.00 ,0.00 ,-,0.00 ,-,-,1,129.3,1
10,0,0.00 ,0.00 ,-,0.00 ,-,-,0,129.3,1
9,0,0.00 ,0.00 ,-,0.00 ,-,-,0,129.3,1
8,0,0.00 ,0.00 ,-,0.00 ,-,-,0,129.3,1
7,0,0.00 ,0.00 ,-,0.00 ,-,-,0,129.3,1
6,0,0.00 ,0.00 ,-,0.00 ,-,-,0,129.3,1
5,0,-,0.00 ,-,0.00 ,-,-,0,129.3,1
4,0,0.00 ,0.00 ,-,0.00 ,-,-,0,129.3,1
3,0,-,0.00 ,-,0.00 ,-,-,0,129.3,1
2,0,0.00 ,0.00 ,-,0.00 ,-,-,0,129.3,1
1,0,0.00 ,0.00 ,-,0.00 ,-,-,0,129.3,1
30,10,1.00 ,0.67 ,0.75 ,0.58 ,0.86 ,8.8,12,139.92,1
29,8,0.83 ,0.79 ,0.68 ,0.68 ,0.80 ,6.8,11,139.92,1
28,8,0.86 ,0.66 ,0.67 ,0.42 ,0.78 ,5.1,11,139.92,1
27,7,0.78 ,0.62 ,0.53 ,0.41 ,0.70 ,4.6,10,139.92,1
26,7,0.92 ,0.56 ,0.58 ,0.31 ,0.74 ,3.9,9,139.92,1
25,6,0.91 ,0.49 ,0.47 ,0.28 ,0.67 ,3.5,9,139.92,1
24,6,0.82 ,0.44 ,0.34 ,0.23 ,0.53 ,3.2,8,139.92,1
23,6,0.92 ,0.33 ,0.33 ,0.16 ,0.56 ,3,8,139.92,1
22,5,0.90 ,0.28 ,0.25 ,0.15 ,0.46 ,2.7,7,139.92,1
21,5,0.97 ,0.21 ,0.18 ,0.10 ,0.38 ,2.4,7,139.92,1
20,5,0.87 ,0.17 ,0.19 ,0.09 ,0.39 ,2.5,7,139.92,1
19,5,0.88 ,0.14 ,0.13 ,0.06 ,0.29 ,2.1,7,139.92,1
18,5,0.98 ,0.14 ,0.19 ,0.06 ,0.42 ,2.3,7,139.92,1
17,4,0.92 ,0.10 ,0.20 ,0.05 ,0.39 ,2.1,6,139.92,1
16,4,0.92 ,0.08 ,0.18 ,0.04 ,0.34 ,2.2,6,139.92,1
15,4,0.82 ,0.08 ,0.31 ,0.05 ,0.54 ,2.3,6,139.92,1
14,4,0.95 ,0.07 ,0.13 ,0.03 ,0.28 ,1.8,6,139.92,1
13,4,0.94 ,0.06 ,0.12 ,0.03 ,0.26 ,1.9,6,139.92,1
12,3,1.00 ,0.03 ,0.19 ,0.02 ,0.31 ,1.8,5,139.92,1
11,3,1.00 ,0.04 ,0.35 ,0.03 ,0.53 ,2,5,139.92,1
10,3,0.97 ,0.08 ,0.25 ,0.05 ,0.39 ,1.9,3,139.92,1
9,3,0.82 ,0.08 ,0.29 ,0.05 ,0.44 ,1.9,3,139.92,1
8,3,0.83 ,0.13 ,0.30 ,0.08 ,0.47 ,1.9,3,139.92,1
7,2,0.67 ,0.03 ,0.60 ,0.03 ,0.75 ,1.6,2,139.92,1
6,2,0.87 ,0.09 ,0.73 ,0.08 ,0.85 ,1.7,2,139.92,1
5,2,0.20 ,0.06 ,1.00 ,0.06 ,1.00 ,2,2,139.92,1
4,2,0.96 ,0.12 ,0.59 ,0.09 ,0.74 ,1.6,2,139.92,1
3,2,1.00 ,0.03 ,0.33 ,0.01 ,0.67 ,1,2,139.92,1
2,2,1.00 ,0.08 ,0.78 ,0.07 ,0.88 ,1.8,2,139.92,1
1,2,0.57 ,0.07 ,0.61 ,0.06 ,0.76 ,1.6,2,139.92,1
30,10,1.00 ,0.67 ,0.75 ,0.58 ,0.86 ,8.8,12,129.3,1
29,8,0.84 ,0.67 ,0.62 ,0.55 ,0.77 ,6.5,11,129.3,1
28,6,0.87 ,0.59 ,0.60 ,0.47 ,0.76 ,4.8,9,129.3,1
27,6,0.89 ,0.49 ,0.43 ,0.34 ,0.62 ,4.2,8,129.3,1
26,5,0.89 ,0.44 ,0.42 ,0.31 ,0.60 ,3.5,7,129.3,1
25,5,0.92 ,0.44 ,0.35 ,0.27 ,0.56 ,3.1,7,129.3,1
24,5,0.80 ,0.37 ,0.30 ,0.22 ,0.51 ,2.9,7,129.3,1
23,5,0.87 ,0.29 ,0.20 ,0.15 ,0.40 ,2.6,7,129.3,1
22,5,0.95 ,0.25 ,0.19 ,0.12 ,0.38 ,2.5,7,129.3,1
21,5,0.90 ,0.21 ,0.12 ,0.09 ,0.28 ,2.1,7,129.3,1
20,5,0.97 ,0.19 ,0.11 ,0.08 ,0.27 ,2.1,7,129.3,1
19,5,0.97 ,0.13 ,0.09 ,0.05 ,0.24 ,1.9,7,129.3,1
18,5,0.75 ,0.12 ,0.22 ,0.06 ,0.45 ,2.4,7,129.3,1
17,4,0.88 ,0.09 ,0.20 ,0.04 ,0.41 ,2,6,129.3,1
16,4,0.93 ,0.07 ,0.23 ,0.03 ,0.46 ,2,6,129.3,1
15,4,0.82 ,0.10 ,0.23 ,0.05 ,0.45 ,2.1,6,129.3,1
14,4,0.99 ,0.06 ,0.16 ,0.03 ,0.38 ,1.7,6,129.3,1
13,4,1.00 ,0.02 ,0.23 ,0.01 ,0.46 ,2,6,129.3,1
12,3,0.91 ,0.04 ,0.16 ,0.02 ,0.29 ,1.6,5,129.3,1
11,3,0.91 ,0.05 ,0.24 ,0.03 ,0.37 ,2,5,129.3,1
10,3,1.00 ,0.05 ,0.50 ,0.04 ,0.68 ,2.2,3,129.3,1
9,3,0.90 ,0.08 ,0.38 ,0.05 ,0.56 ,2.1,3,129.3,1
8,3,0.90 ,0.05 ,0.38 ,0.04 ,0.50 ,2.3,3,129.3,1
7,2,0.86 ,0.06 ,0.80 ,0.06 ,0.89 ,1.8,2,129.3,1
6,2,0.83 ,0.07 ,0.58 ,0.06 ,0.74 ,1.6,2,129.3,1
5,2,1.00 ,0.01 ,0.00 ,0.01 ,0.00 ,1,2,129.3,1
4,2,0.74 ,0.08 ,0.67 ,0.07 ,0.80 ,1.7,2,129.3,1
3,2,1.00 ,0.02 ,0.50 ,0.01 ,0.67 ,1.5,2,129.3,1
2,2,1.00 ,0.06 ,0.14 ,0.04 ,0.25 ,1.1,2,129.3,1
1,2,0.83 ,0.05 ,0.64 ,0.04 ,0.80 ,1.6,2,129.3,1
30,6,1.00 ,0.50 ,0.33 ,0.25 ,0.67 ,3,5,102.82,1
29,6,0.96 ,0.34 ,0.42 ,0.22 ,0.64 ,3.9,5,102.82,1
28,4,0.90 ,0.26 ,0.47 ,0.19 ,0.66 ,2.8,4,102.82,1
27,4,0.70 ,0.21 ,0.46 ,0.14 ,0.67 ,2.7,4,102.82,1
26,4,0.94 ,0.13 ,0.29 ,0.08 ,0.50 ,2.3,3,102.82,1
25,3,0.92 ,0.14 ,0.39 ,0.10 ,0.58 ,2,3,102.82,1
24,3,0.74 ,0.13 ,0.44 ,0.10 ,0.62 ,2.1,3,102.82,1
23,3,0.76 ,0.09 ,0.34 ,0.05 ,0.54 ,1.9,2,102.82,1
22,3,0.84 ,0.08 ,0.38 ,0.05 ,0.60 ,1.9,2,102.82,1
21,3,0.85 ,0.06 ,0.33 ,0.04 ,0.55 ,1.8,2,102.82,1
20,2,0.75 ,0.04 ,0.58 ,0.03 ,0.74 ,1.6,0,102.82,1
19,2,0.84 ,0.03 ,0.71 ,0.02 ,0.83 ,1.7,0,102.82,1
18,2,0.94 ,0.02 ,0.67 ,0.02 ,0.85 ,1.6,0,102.82,1
17,1,0.64 ,0.01 ,0.93 ,0.01 ,1.00 ,0.9,0,102.82,1
16,1,0.35 ,0.01 ,0.92 ,0.01 ,1.00 ,0.9,0,102.82,1
15,0,0.00 ,0.00 ,-,0.00 ,-,-,0,102.82,1
14,0,0.00 ,0.00 ,-,0.00 ,-,-,0,102.82,1
13,0,0.00 ,0.00 ,-,0.00 ,-,-,0,102.82,1
12,0,0.00 ,0.00 ,-,0.00 ,-,-,0,102.82,1
11,0,0.00 ,0.00 ,-,0.00 ,-,-,0,102.82,1
10,0,0.00 ,0.00 ,-,0.00 ,-,-,0,102.82,1
9,0,-,0.00 ,-,0.00 ,-,-,0,102.82,1
8,0,0.00 ,0.00 ,-,0.00 ,-,-,0,102.82,1
7,0,0.00 ,0.00 ,-,0.00 ,-,-,0,102.82,1
6,0,0.00 ,0.00 ,-,0.00 ,-,-,0,102.82,1
5,0,-,0.00 ,-,0.00 ,-,-,0,102.82,1
4,0,-,0.00 ,-,0.00 ,-,-,0,102.82,1
3,0,-,0.00 ,-,0.00 ,-,-,0,102.82,1
2,0,-,0.00 ,-,0.00 ,-,-,0,102.82,1
1,0,0.00 ,0.00 ,-,0.00 ,-,-,0,102.82,1
30,0,0.00 ,0.00 ,-,0.00 ,-,-,0,139.92,1
29,0,0.00 ,0.00 ,-,0.00 ,-,-,0,139.92,1
28,0,0.00 ,0.00 ,-,0.00 ,-,-,0,139.92,1
27,0,0.00 ,0.00 ,-,0.00 ,-,-,0,139.92,1
26,0,0.00 ,0.00 ,-,0.00 ,-,-,0,139.92,1
25,0,0.00 ,0.00 ,-,0.00 ,-,-,0,139.92,1
24,2,0.86 ,0.06 ,0.67 ,0.05 ,0.82 ,1.6,0,139.92,1
23,2,0.75 ,0.06 ,0.65 ,0.05 ,0.79 ,1.6,0,139.92,1
22,2,0.86 ,0.04 ,0.61 ,0.03 ,0.75 ,1.6,0,139.92,1
21,2,0.98 ,0.03 ,0.45 ,0.02 ,0.65 ,1.4,0,139.92,1
20,2,0.84 ,0.03 ,0.56 ,0.03 ,0.72 ,1.6,0,139.92,1
19,0,0.00 ,0.00 ,-,0.00 ,-,-,0,139.92,1
18,0,0.00 ,0.00 ,-,0.00 ,-,-,0,139.92,1
17,0,0.00 ,0.00 ,-,0.00 ,-,-,0,139.92,1
16,0,0.00 ,0.00 ,-,0.00 ,-,-,0,139.92,1
15,0,0.00 ,0.00 ,-,0.00 ,-,-,0,139.92,1
14,0,0.00 ,0.00 ,-,0.00 ,-,-,0,139.92,1
13,0,-,0.00 ,-,0.00 ,-,-,0,139.92,1
12,0,-,0.00 ,-,0.00 ,-,-,0,139.92,1
11,0,0.00 ,0.00 ,-,0.00 ,-,-,0,139.92,1
10,0,0.00 ,0.00 ,-,0.00 ,-,-,0,139.92,1
9,0,0.00 ,0.00 ,-,0.00 ,-,-,0,139.92,1
8,0,0.00 ,0.00 ,-,0.00 ,-,-,0,139.92,1
7,0,0.00 ,0.00 ,-,0.00 ,-,-,0,139.92,1
6,0,-,0.00 ,-,0.00 ,-,-,0,139.92,1
5,0,-,0.00 ,-,0.00 ,-,-,0,139.92,1
4,0,-,0.00 ,-,0.00 ,-,-,0,139.92,1
3,0,-,0.00 ,-,0.00 ,-,-,0,139.92,1
2,0,0.00 ,0.00 ,-,0.00 ,-,-,0,139.92,1
1,0,0.00 ,0.00 ,-,0.00 ,-,-,0,139.92,1
30,0,0.00 ,0.00 ,-,0.00 ,-,-,3,121.9,1
29,0,0.00 ,0.00 ,-,0.00 ,-,-,3,121.9,1
28,0,0.00 ,0.00 ,-,0.00 ,-,-,3,121.9,1
27,0,0.00 ,0.00 ,-,0.00 ,-,-,3,121.9,1
26,0,0.00 ,0.00 ,-,0.00 ,-,-,3,121.9,1
25,3,0.66 ,0.23 ,0.44 ,0.16 ,0.61 ,2.1,0,121.9,1
24,3,0.86 ,0.20 ,0.35 ,0.13 ,0.51 ,2,0,121.9,1
23,3,0.90 ,0.15 ,0.25 ,0.09 ,0.42 ,1.8,0,121.9,1
22,3,0.68 ,0.12 ,0.30 ,0.07 ,0.48 ,1.8,0,121.9,1
21,3,0.99 ,0.09 ,0.18 ,0.05 ,0.32 ,1.7,0,121.9,1
20,2,0.59 ,0.07 ,0.44 ,0.05 ,0.62 ,1.4,0,121.9,1
19,2,0.88 ,0.06 ,0.42 ,0.04 ,0.60 ,1.4,0,121.9,1
18,2,0.80 ,0.05 ,0.61 ,0.04 ,0.78 ,1.6,0,121.9,1
17,2,0.70 ,0.04 ,0.70 ,0.03 ,0.84 ,1.7,0,121.9,1
16,2,0.81 ,0.04 ,0.46 ,0.03 ,0.63 ,1.5,0,121.9,1
15,1,0.51 ,0.05 ,1.00 ,0.05 ,1.00 ,1,0,121.9,1
14,1,0.73 ,0.02 ,0.89 ,0.02 ,1.00 ,0.9,0,121.9,1
13,1,0.90 ,0.02 ,0.90 ,0.02 ,1.00 ,0.9,0,121.9,1
12,1,0.82 ,0.02 ,1.00 ,0.02 ,1.00 ,1,0,121.9,1
11,1,0.37 ,0.02 ,1.00 ,0.02 ,1.00 ,1,0,121.9,1
10,1,0.73 ,0.04 ,1.00 ,0.04 ,1.00 ,1,1,121.9,1
9,1,0.78 ,0.04 ,1.00 ,0.04 ,1.00 ,1,1,121.9,1
8,1,0.36 ,0.03 ,1.00 ,0.03 ,1.00 ,1,1,121.9,1
7,1,0.56 ,0.03 ,1.00 ,0.03 ,1.00 ,1,1,121.9,1
6,1,1.00 ,0.01 ,1.00 ,0.01 ,1.00 ,1,1,121.9,1
5,1,1.00 ,0.01 ,1.00 ,0.01 ,1.00 ,1,1,121.9,1
4,1,0.80 ,0.03 ,1.00 ,0.03 ,1.00 ,1,1,121.9,1
3,1,1.00 ,0.03 ,1.00 ,0.03 ,1.00 ,1,1,121.9,1
2,1,0.50 ,0.01 ,1.00 ,0.01 ,1.00 ,1,1,121.9,1
1,1,0.61 ,0.02 ,0.93 ,0.02 ,1.00 ,0.9,1,121.9,1
30,13,1.00 ,0.50 ,1.00 ,0.50 ,1.00 ,13,13,93.28,1
29,13,0.83 ,0.77 ,0.60 ,0.60 ,0.77 ,10.1,13,93.28,1
28,12,0.78 ,0.77 ,0.52 ,0.58 ,0.69 ,9,12,93.28,1
27,11,0.66 ,0.72 ,0.50 ,0.52 ,0.69 ,8,11,93.28,1
26,11,0.76 ,0.67 ,0.40 ,0.43 ,0.62 ,7.2,10,93.28,1
25,11,0.85 ,0.70 ,0.37 ,0.44 ,0.58 ,7,10,93.28,1
24,10,0.71 ,0.65 ,0.36 ,0.41 ,0.57 ,6.3,9,93.28,1
23,10,0.79 ,0.62 ,0.26 ,0.33 ,0.48 ,5.4,9,93.28,1
22,9,0.82 ,0.57 ,0.25 ,0.30 ,0.48 ,4.8,8,93.28,1
21,9,0.86 ,0.52 ,0.20 ,0.25 ,0.42 ,4.3,8,93.28,1
20,7,0.62 ,0.49 ,0.25 ,0.27 ,0.45 ,3.9,7,93.28,1
19,7,0.92 ,0.42 ,0.16 ,0.20 ,0.35 ,3.3,7,93.28,1
18,7,0.86 ,0.38 ,0.15 ,0.17 ,0.33 ,3.2,7,93.28,1
17,7,0.85 ,0.37 ,0.14 ,0.16 ,0.33 ,3,7,93.28,1
16,7,0.97 ,0.35 ,0.13 ,0.14 ,0.30 ,2.9,7,93.28,1
15,6,0.89 ,0.31 ,0.19 ,0.15 ,0.39 ,2.9,6,93.28,1
14,6,0.85 ,0.28 ,0.13 ,0.11 ,0.33 ,2.4,6,93.28,1
13,6,0.71 ,0.21 ,0.14 ,0.09 ,0.34 ,2.5,6,93.28,1
12,6,0.88 ,0.20 ,0.12 ,0.07 ,0.33 ,2.1,6,93.28,1
11,6,0.73 ,0.19 ,0.22 ,0.08 ,0.49 ,2.7,6,93.28,1
10,5,1.00 ,0.19 ,0.08 ,0.07 ,0.21 ,1.9,5,93.28,1
9,5,0.98 ,0.23 ,0.15 ,0.10 ,0.34 ,2.2,5,93.28,1
8,5,0.52 ,0.21 ,0.09 ,0.09 ,0.21 ,2.2,5,93.28,1
7,5,0.94 ,0.21 ,0.09 ,0.08 ,0.23 ,2,5,93.28,1
6,5,1.00 ,0.18 ,0.07 ,0.07 ,0.18 ,1.8,5,93.28,1
5,4,0.87 ,0.19 ,0.25 ,0.11 ,0.43 ,2.3,4,93.28,1
4,4,0.98 ,0.18 ,0.23 ,0.08 ,0.50 ,1.8,4,93.28,1
3,4,0.76 ,0.18 ,0.24 ,0.10 ,0.43 ,2.2,4,93.28,1
2,4,0.87 ,0.18 ,0.15 ,0.09 ,0.30 ,2,4,93.28,1
1,4,0.60 ,0.11 ,0.38 ,0.07 ,0.58 ,2.6,4,93.28,1
30,2,0.62 ,0.67 ,1.00 ,0.67 ,1.00 ,2,0,93.28,1
29,2,0.37 ,0.76 ,0.99 ,0.76 ,1.00 ,2,0,93.28,1
28,2,0.43 ,0.72 ,0.98 ,0.72 ,0.99 ,2,0,93.28,1
27,2,0.41 ,0.67 ,0.97 ,0.66 ,0.99 ,2,0,93.28,1
26,2,0.52 ,0.61 ,0.95 ,0.59 ,0.98 ,1.9,0,93.28,1
25,0,0.00 ,0.00 ,-,0.00 ,-,-,2,93.28,1
24,0,0.00 ,0.00 ,-,0.00 ,-,-,2,93.28,1
23,0,0.00 ,0.00 ,-,0.00 ,-,-,2,93.28,1
22,0,0.00 ,0.00 ,-,0.00 ,-,-,2,93.28,1
21,0,0.00 ,0.00 ,-,0.00 ,-,-,2,93.28,1
20,0,0.00 ,0.00 ,-,0.00 ,-,-,1,93.28,1
19,0,0.00 ,0.00 ,-,0.00 ,-,-,1,93.28,1
18,0,0.00 ,0.00 ,-,0.00 ,-,-,1,93.28,1
17,0,0.00 ,0.00 ,-,0.00 ,-,-,1,93.28,1
16,0,0.00 ,0.00 ,-,0.00 ,-,-,1,93.28,1
15,1,0.41 ,0.11 ,0.99 ,0.11 ,1.00 ,1,0,93.28,1
14,1,0.51 ,0.08 ,0.98 ,0.08 ,1.00 ,1,0,93.28,1
13,1,0.22 ,0.07 ,0.97 ,0.06 ,1.00 ,1,0,93.28,1
12,1,0.70 ,0.03 ,1.00 ,0.03 ,1.00 ,1,0,93.28,1
11,1,0.46 ,0.09 ,0.97 ,0.09 ,1.00 ,1,0,93.28,1
10,1,0.78 ,0.04 ,1.00 ,0.04 ,1.00 ,1,0,93.28,1
9,1,0.61 ,0.07 ,1.00 ,0.07 ,1.00 ,1,0,93.28,1
8,1,0.14 ,0.08 ,1.00 ,0.08 ,1.00 ,1,0,93.28,1
7,1,0.62 ,0.08 ,1.00 ,0.08 ,1.00 ,1,0,93.28,1
6,1,0.43 ,0.05 ,1.00 ,0.05 ,1.00 ,1,0,93.28,1
5,1,0.71 ,0.03 ,1.00 ,0.03 ,1.00 ,1,0,93.28,1
4,1,0.83 ,0.07 ,0.91 ,0.07 ,1.00 ,0.9,0,93.28,1
3,1,0.44 ,0.06 ,1.00 ,0.06 ,1.00 ,1,0,93.28,1
2,1,0.86 ,0.05 ,1.00 ,0.05 ,1.00 ,1,0,93.28,1
1,1,0.47 ,0.05 ,0.98 ,0.05 ,1.00 ,1,0,93.28,1
30,5,1.00 ,0.83 ,1.00 ,0.83 ,1.00 ,5,5,87.98,1
29,5,0.51 ,0.81 ,0.92 ,0.79 ,0.95 ,4.8,5,87.98,1
28,5,0.56 ,0.84 ,0.91 ,0.80 ,0.96 ,4.8,5,87.98,1
27,6,0.59 ,0.83 ,0.81 ,0.76 ,0.89 ,5.5,6,87.98,1
26,6,0.67 ,0.76 ,0.76 ,0.68 ,0.85 ,5.3,6,87.98,1
25,6,0.74 ,0.75 ,0.66 ,0.63 ,0.78 ,5.1,6,87.98,1
24,6,0.49 ,0.71 ,0.62 ,0.58 ,0.75 ,5,6,87.98,1
23,7,0.75 ,0.67 ,0.41 ,0.46 ,0.60 ,4.8,7,87.98,1
22,7,0.80 ,0.58 ,0.36 ,0.38 ,0.55 ,4.6,7,87.98,1
21,7,0.59 ,0.50 ,0.29 ,0.29 ,0.50 ,4.1,7,87.98,1
20,8,0.66 ,0.45 ,0.20 ,0.22 ,0.40 ,3.9,7,87.98,1
19,8,0.96 ,0.40 ,0.10 ,0.16 ,0.26 ,3.1,7,87.98,1
18,8,0.94 ,0.34 ,0.11 ,0.12 ,0.31 ,2.9,7,87.98,1
17,8,0.95 ,0.35 ,0.08 ,0.12 ,0.24 ,2.8,7,87.98,1
16,8,0.98 ,0.29 ,0.06 ,0.09 ,0.19 ,2.6,7,87.98,1
15,8,0.88 ,0.29 ,0.13 ,0.10 ,0.35 ,2.9,6,87.98,1
14,8,0.90 ,0.23 ,0.10 ,0.08 ,0.32 ,2.6,6,87.98,1
13,8,0.97 ,0.22 ,0.07 ,0.06 ,0.24 ,2.3,6,87.98,1
12,8,0.99 ,0.19 ,0.04 ,0.05 ,0.16 ,2.2,6,87.98,1
11,8,0.99 ,0.17 ,0.09 ,0.06 ,0.26 ,2.7,6,87.98,1
10,6,0.94 ,0.16 ,0.10 ,0.05 ,0.28 ,2.1,5,87.98,1
9,6,1.00 ,0.18 ,0.13 ,0.08 ,0.31 ,2.6,5,87.98,1
8,6,0.92 ,0.24 ,0.08 ,0.09 ,0.22 ,2.2,5,87.98,1
7,6,0.95 ,0.19 ,0.10 ,0.06 ,0.30 ,2.1,5,87.98,1
6,6,1.00 ,0.17 ,0.07 ,0.04 ,0.27 ,1.6,5,87.98,1
5,5,1.00 ,0.17 ,0.13 ,0.07 ,0.31 ,2,4,87.98,1
4,5,1.00 ,0.16 ,0.26 ,0.07 ,0.57 ,2.3,4,87.98,1
3,5,0.93 ,0.19 ,0.17 ,0.08 ,0.40 ,2.2,4,87.98,1
2,5,1.00 ,0.16 ,0.06 ,0.06 ,0.14 ,1.9,4,87.98,1
1,5,0.74 ,0.10 ,0.31 ,0.06 ,0.54 ,2.9,4,87.98,1
30,18,1.00 ,1.00 ,1.00 ,1.00 ,1.00 ,18,20,85.86,1
29,18,0.77 ,0.96 ,0.96 ,0.96 ,0.98 ,18,20,85.86,1
28,18,0.78 ,0.96 ,0.96 ,0.98 ,0.97 ,18.4,20,85.86,1
27,17,0.72 ,0.96 ,0.93 ,0.96 ,0.96 ,17.1,19,85.86,1
26,17,0.77 ,0.95 ,0.89 ,0.92 ,0.94 ,16.5,19,85.86,1
25,16,0.72 ,0.94 ,0.90 ,0.91 ,0.95 ,15.5,18,85.86,1
24,15,0.64 ,0.94 ,0.84 ,0.88 ,0.91 ,14,17,85.86,1
23,15,0.70 ,0.92 ,0.78 ,0.83 ,0.87 ,13.6,16,85.86,1
22,14,0.77 ,0.90 ,0.71 ,0.79 ,0.82 ,12.2,15,85.86,1
21,14,0.64 ,0.87 ,0.61 ,0.71 ,0.76 ,11.4,14,85.86,1
20,13,0.75 ,0.85 ,0.53 ,0.65 ,0.70 ,9.9,13,85.86,1
19,13,0.74 ,0.81 ,0.38 ,0.54 ,0.59 ,8.6,12,85.86,1
18,12,0.81 ,0.77 ,0.35 ,0.48 ,0.56 ,7.4,11,85.86,1
17,12,0.85 ,0.76 ,0.26 ,0.42 ,0.48 ,6.6,10,85.86,1
16,11,0.91 ,0.68 ,0.24 ,0.36 ,0.46 ,5.9,10,85.86,1
15,11,0.82 ,0.67 ,0.25 ,0.35 ,0.48 ,5.7,10,85.86,1
14,10,0.84 ,0.57 ,0.20 ,0.26 ,0.44 ,4.6,10,85.86,1
13,10,0.86 ,0.53 ,0.19 ,0.23 ,0.44 ,4.3,9,85.86,1
12,9,0.96 ,0.51 ,0.16 ,0.21 ,0.39 ,3.7,8,85.86,1
11,8,0.40 ,0.53 ,0.24 ,0.26 ,0.50 ,4,7,85.86,1
10,7,0.93 ,0.47 ,0.20 ,0.25 ,0.39 ,3.6,6,85.86,1
9,6,0.73 ,0.47 ,0.38 ,0.28 ,0.64 ,3.6,6,85.86,1
8,6,0.24 ,0.51 ,0.29 ,0.27 ,0.54 ,3.2,6,85.86,1
7,6,0.60 ,0.50 ,0.40 ,0.32 ,0.62 ,3.9,6,85.86,1
6,6,0.88 ,0.47 ,0.32 ,0.27 ,0.56 ,3.4,6,85.86,1
5,5,0.14 ,0.40 ,0.38 ,0.24 ,0.63 ,3,5,85.86,1
4,5,0.81 ,0.41 ,0.48 ,0.28 ,0.71 ,3.3,5,85.86,1
3,5,0.81 ,0.40 ,0.43 ,0.25 ,0.67 ,3.2,5,85.86,1
2,5,0.83 ,0.42 ,0.38 ,0.24 ,0.65 ,2.9,5,85.86,1
1,5,0.62 ,0.25 ,0.60 ,0.19 ,0.78 ,3.8,5,85.86,1
30,17,1.00 ,0.83 ,1.00 ,0.82 ,1.00 ,15,17,61.5,1
29,17,0.72 ,0.95 ,0.94 ,1.00 ,0.97 ,16,17,61.5,1
28,17,0.73 ,0.97 ,0.98 ,1.07 ,0.99 ,16.9,17,61.5,1
27,17,0.69 ,0.97 ,0.99 ,1.07 ,0.99 ,16.8,17,61.5,1
26,17,0.66 ,0.97 ,0.97 ,1.03 ,0.98 ,16.3,17,61.5,1
25,17,0.73 ,0.97 ,0.96 ,1.05 ,0.98 ,16.6,17,61.5,1
24,17,0.66 ,0.98 ,0.96 ,1.08 ,0.98 ,16.9,17,61.5,1
23,16,0.67 ,0.97 ,0.96 ,1.06 ,0.98 ,15.7,16,61.5,1
22,16,0.76 ,0.96 ,0.95 ,1.06 ,0.97 ,15.8,16,61.5,1
21,16,0.64 ,0.95 ,0.94 ,1.05 ,0.97 ,15.8,16,61.5,1
20,16,0.72 ,0.94 ,0.92 ,1.02 ,0.96 ,15.6,16,61.5,1
19,16,0.79 ,0.96 ,0.91 ,1.03 ,0.95 ,15.5,16,61.5,1
18,16,0.81 ,0.93 ,0.89 ,0.97 ,0.94 ,15.1,16,61.5,1
17,15,0.83 ,0.94 ,0.91 ,1.01 ,0.95 ,14.4,15,61.5,1
16,15,0.83 ,0.95 ,0.87 ,0.99 ,0.92 ,14,15,61.5,1
15,15,0.85 ,0.92 ,0.82 ,0.92 ,0.89 ,13.5,15,61.5,1
14,15,0.84 ,0.93 ,0.76 ,0.90 ,0.85 ,13.1,15,61.5,1
13,15,0.89 ,0.92 ,0.69 ,0.86 ,0.80 ,12.7,15,61.5,1
12,15,0.93 ,0.88 ,0.56 ,0.74 ,0.71 ,11.4,15,61.5,1
11,15,0.75 ,0.86 ,0.56 ,0.73 ,0.71 ,11.4,15,61.5,1
10,12,0.93 ,0.84 ,0.59 ,0.72 ,0.73 ,9.2,12,61.5,1
9,12,0.87 ,0.85 ,0.51 ,0.70 ,0.65 ,8.9,12,61.5,1
8,12,0.56 ,0.82 ,0.55 ,0.67 ,0.71 ,8.8,12,61.5,1
7,12,0.86 ,0.88 ,0.57 ,0.71 ,0.72 ,8.7,12,61.5,1
6,12,0.91 ,0.78 ,0.47 ,0.58 ,0.64 ,8,12,61.5,1
5,8,0.78 ,0.79 ,0.75 ,0.72 ,0.83 ,6.6,8,61.5,1
4,8,0.82 ,0.78 ,0.64 ,0.64 ,0.76 ,5.9,8,61.5,1
3,8,0.85 ,0.71 ,0.64 ,0.57 ,0.79 ,5.8,8,61.5,1
2,8,0.78 ,0.70 ,0.59 ,0.54 ,0.74 ,5.5,8,61.5,1
1,8,0.67 ,0.30 ,0.71 ,0.25 ,0.83 ,6,8,61.5,1
