档位,本期政策,需求满足率,订购率,订足面,订足率(济南),户均条数,下期政策,价位
30,8 ,100%,67%,100%,100%,8.0 ,8 ,583.00 
29,8 ,84%,63%,73%,87%,6.7 ,8 ,583.00 
28,8 ,95%,38%,55%,74%,5.8 ,8 ,583.00 
27,7 ,91%,28%,55%,77%,5.0 ,7 ,583.00 
26,7 ,95%,21%,47%,73%,4.5 ,7 ,583.00 
25,6 ,90%,17%,48%,71%,3.9 ,6 ,583.00 
24,6 ,95%,13%,41%,67%,3.6 ,6 ,583.00 
23,5 ,84%,10%,49%,76%,3.1 ,5 ,583.00 
22,4 ,89%,6%,46%,66%,2.6 ,4 ,583.00 
21,3 ,85%,5%,63%,79%,2.2 ,3 ,583.00 
20,2 ,54%,5%,80%,92%,1.7 ,2 ,583.00 
19,2 ,72%,2%,82%,90%,1.7 ,2 ,583.00 
18,2 ,47%,4%,60%,78%,1.4 ,2 ,583.00 
17,2 ,97%,2%,68%,87%,1.4 ,2 ,583.00 
16,2 ,73%,2%,75%,93%,1.5 ,2 ,583.00 
15,2 ,68%,5%,69%,85%,1.4 ,2 ,583.00 
14,0 ,0%,0%,-,-,-,1 ,583.00 
13,0 ,0%,0%,-,-,-,1 ,583.00 
12,0 ,0%,0%,-,-,-,1 ,583.00 
11,0 ,-,0%,-,-,-,1 ,583.00 
10,0 ,0%,0%,-,-,-,0 ,583.00 
9,0 ,0%,0%,-,-,-,0 ,583.00 
8,0 ,0%,0%,-,-,-,0 ,583.00 
7,0 ,0%,0%,-,-,-,0 ,583.00 
6,0 ,0%,0%,-,-,-,0 ,583.00 
5,0 ,0%,0%,-,-,-,0 ,583.00 
4,0 ,0%,0%,-,-,-,0 ,583.00 
3,0 ,0%,0%,-,-,-,0 ,583.00 
2,0 ,0%,0%,-,-,-,0 ,583.00 
1,0 ,0%,0%,-,-,-,0 ,583.00 
30,2 ,92%,100%,100%,100%,2.0,3 ,424.00 
29,2 ,58%,91%,100%,100%,1.9,3 ,424.00 
28,2 ,57%,86%,99%,100%,1.8,3 ,424.00 
27,2 ,65%,79%,99%,100%,1.8,3 ,424.00 
26,2 ,58%,60%,100%,100%,2.0,2 ,424.00 
25,2 ,63%,54%,97%,99%,2.0,2 ,424.00 
24,1 ,40%,47%,100%,100%,1.0,2 ,424.00 
23,1 ,23%,33%,100%,100%,1.0,1 ,424.00 
22,1 ,47%,25%,99%,100%,1.0,1 ,424.00 
21,0 ,0%,0%,-,-,-,0 ,424.00 
20,0 ,0%,0%,-,-,-,0 ,424.00 
19,0 ,0%,0%,-,-,-,0 ,424.00 
18,0 ,0%,0%,-,-,-,0 ,424.00 
17,0 ,0%,0%,-,-,-,0 ,424.00 
16,0 ,0%,0%,-,-,-,0 ,424.00 
15,0 ,0%,0%,-,-,-,0 ,424.00 
14,0 ,0%,0%,-,-,-,0 ,424.00 
13,0 ,0%,0%,-,-,-,0 ,424.00 
12,0 ,0%,0%,-,-,-,0 ,424.00 
11,0 ,0%,0%,-,-,-,0 ,424.00 
10,0 ,0%,0%,-,-,-,0 ,424.00 
9,0 ,0%,0%,-,-,-,0 ,424.00 
8,0 ,0%,0%,-,-,-,0 ,424.00 
7,0 ,0%,0%,-,-,-,0 ,424.00 
6,0 ,0%,0%,-,-,-,0 ,424.00 
5,0 ,0%,0%,-,-,-,0 ,424.00 
4,0 ,0%,0%,-,-,-,0 ,424.00 
3,0 ,-,0%,-,-,-,0 ,424.00 
2,0 ,-,0%,-,-,-,0 ,424.00 
1,0 ,0%,0%,-,-,-,0 ,424.00 
30,7 ,100%,67%,100%,100%,6.0 ,7 ,381.60 
29,7 ,78%,68%,76%,87%,5.3 ,7 ,381.60 
28,7 ,85%,47%,60%,77%,4.7 ,7 ,381.60 
27,6 ,87%,37%,49%,68%,4.2 ,6 ,381.60 
26,6 ,76%,29%,46%,69%,3.9 ,6 ,381.60 
25,6 ,95%,26%,38%,60%,3.6 ,6 ,381.60 
24,5 ,93%,18%,40%,63%,3.1 ,5 ,381.60 
23,5 ,93%,14%,35%,61%,2.7 ,5 ,381.60 
22,4 ,89%,10%,39%,60%,2.4 ,4 ,381.60 
21,4 ,89%,8%,34%,56%,2.3 ,4 ,381.60 
20,3 ,69%,7%,54%,72%,2.0 ,3 ,381.60 
19,3 ,83%,5%,47%,68%,1.9 ,3 ,381.60 
18,3 ,62%,5%,49%,69%,1.9 ,3 ,381.60 
17,2 ,79%,5%,78%,91%,1.5 ,2 ,381.60 
16,2 ,62%,4%,68%,77%,1.4 ,2 ,381.60 
15,2 ,46%,7%,75%,85%,1.4 ,2 ,381.60 
14,0 ,0%,0%,-,-,-,0 ,381.60 
13,0 ,0%,0%,-,-,-,0 ,381.60 
12,0 ,0%,0%,-,-,-,0 ,381.60 
11,0 ,0%,0%,-,-,-,0 ,381.60 
10,0 ,0%,0%,-,-,-,0 ,381.60 
9,0 ,0%,0%,-,-,-,0 ,381.60 
8,0 ,0%,0%,-,-,-,0 ,381.60 
7,0 ,0%,0%,-,-,-,0 ,381.60 
6,0 ,0%,0%,-,-,-,0 ,381.60 
5,0 ,0%,0%,-,-,-,0 ,381.60 
4,0 ,0%,0%,-,-,-,0 ,381.60 
3,0 ,0%,0%,-,-,-,0 ,381.60 
2,0 ,0%,0%,-,-,-,0 ,381.60 
1,0 ,0%,0%,-,-,-,0 ,381.60 
30,9 ,0%,17%,0%,-,0.0,9 ,455.80 
29,7 ,45%,22%,64%,77%,5.8,7 ,455.80 
28,6 ,46%,16%,62%,78%,4.6,6 ,455.80 
27,5 ,41%,11%,71%,84%,4.2,5 ,455.80 
26,4 ,48%,8%,42%,67%,2.5,4 ,455.80 
25,4 ,58%,9%,56%,77%,2.7,4 ,455.80 
24,3 ,41%,6%,59%,74%,2.3,3 ,455.80 
23,2 ,33%,4%,76%,86%,1.6,2 ,455.80 
22,2 ,21%,2%,78%,85%,1.4,2 ,455.80 
21,2 ,31%,3%,76%,85%,1.7,2 ,455.80 
20,1 ,11%,1%,100%,100%,1.0,1 ,455.80 
19,1 ,13%,1%,100%,100%,1.0,1 ,455.80 
18,1 ,21%,1%,100%,100%,1.0,1 ,455.80 
17,1 ,11%,1%,78%,100%,0.8,1 ,455.80 
16,1 ,13%,0%,100%,100%,1.0,1 ,455.80 
15,1 ,28%,1%,100%,100%,1.0,1 ,455.80 
14,0 ,0%,0%,-,-,-,0 ,455.80 
13,0 ,0%,0%,-,-,-,0 ,455.80 
12,0 ,0%,0%,-,-,-,0 ,455.80 
11,0 ,0%,0%,-,-,-,0 ,455.80 
10,0 ,0%,0%,-,-,-,0 ,455.80 
9,0 ,0%,0%,-,-,-,0 ,455.80 
8,0 ,0%,0%,-,-,-,0 ,455.80 
7,0 ,0%,0%,-,-,-,0 ,455.80 
6,0 ,0%,0%,-,-,-,0 ,455.80 
5,0 ,0%,0%,-,-,-,0 ,455.80 
4,0 ,0%,0%,-,-,-,0 ,455.80 
3,0 ,-,0%,-,-,-,0 ,455.80 
2,0 ,0%,0%,-,-,-,0 ,455.80 
1,0 ,0%,0%,-,-,-,0 ,455.80 
30,9 ,100%,17%,100%,100%,9.0,9 ,424.00 
29,7 ,87%,40%,43%,65%,4.7,7 ,424.00 
28,7 ,97%,27%,35%,60%,4.1,7 ,424.00 
27,6 ,93%,23%,29%,54%,3.2,6 ,424.00 
26,6 ,95%,18%,29%,50%,3.4,6 ,424.00 
25,5 ,98%,17%,29%,54%,2.7,5 ,424.00 
24,5 ,95%,13%,22%,46%,2.4,5 ,424.00 
23,4 ,65%,10%,26%,48%,2.2,4 ,424.00 
22,4 ,90%,8%,24%,42%,2.2,4 ,424.00 
21,4 ,91%,7%,22%,44%,2.0,4 ,424.00 
20,3 ,66%,6%,41%,61%,2.0,3 ,424.00 
19,3 ,84%,4%,33%,53%,1.9,3 ,424.00 
18,3 ,71%,4%,32%,52%,1.9,3 ,424.00 
17,2 ,69%,3%,48%,71%,1.4,2 ,424.00 
16,2 ,81%,3%,69%,81%,1.7,2 ,424.00 
15,2 ,83%,4%,70%,82%,1.7,2 ,424.00 
14,1 ,55%,2%,95%,100%,1.0,1 ,424.00 
13,1 ,68%,2%,100%,100%,1.0,1 ,424.00 
12,1 ,46%,1%,100%,100%,1.0,1 ,424.00 
11,1 ,80%,1%,100%,100%,1.0,1 ,424.00 
10,0 ,0%,0%,-,-,-,0 ,424.00 
9,0 ,0%,0%,-,-,-,0 ,424.00 
8,0 ,0%,0%,-,-,-,0 ,424.00 
7,0 ,0%,0%,-,-,-,0 ,424.00 
6,0 ,0%,0%,-,-,-,0 ,424.00 
5,0 ,0%,0%,-,-,-,0 ,424.00 
4,0 ,0%,0%,-,-,-,0 ,424.00 
3,0 ,0%,0%,-,-,-,0 ,424.00 
2,0 ,0%,0%,-,-,-,0 ,424.00 
1,0 ,0%,0%,-,-,-,0 ,424.00 
30,10 ,100%,50%,67%,80%,8.3,10 ,243.80 
29,9 ,97%,54%,44%,64%,6.2,9 ,243.80 
28,8 ,97%,37%,40%,65%,4.8,8 ,243.80 
27,7 ,88%,29%,39%,61%,4.3,7 ,243.80 
26,7 ,98%,28%,22%,43%,3.5,7 ,243.80 
25,6 ,98%,23%,27%,49%,3.2,6 ,243.80 
24,6 ,97%,21%,18%,37%,2.8,6 ,243.80 
23,5 ,94%,14%,30%,53%,2.8,5 ,243.80 
22,5 ,96%,12%,21%,40%,2.3,5 ,243.80 
21,5 ,96%,10%,20%,41%,2.4,5 ,243.80 
20,4 ,91%,7%,27%,46%,2.1,4 ,243.80 
19,4 ,71%,7%,31%,49%,2.3,4 ,243.80 
18,3 ,49%,6%,37%,56%,1.7,3 ,243.80 
17,3 ,88%,3%,31%,46%,1.8,3 ,243.80 
16,2 ,80%,3%,74%,85%,1.6,2 ,243.80 
15,2 ,57%,4%,82%,89%,1.4,2 ,243.80 
14,1 ,53%,3%,100%,100%,1.0,1 ,243.80 
13,1 ,4%,2%,89%,100%,0.9,1 ,243.80 
12,1 ,43%,3%,100%,100%,1.0,1 ,243.80 
11,1 ,100%,2%,100%,100%,1.0,1 ,243.80 
10,0 ,0%,0%,-,-,-,0 ,243.80 
9,0 ,0%,0%,-,-,-,0 ,243.80 
8,0 ,0%,0%,-,-,-,0 ,243.80 
7,0 ,0%,0%,-,-,-,0 ,243.80 
6,0 ,0%,0%,-,-,-,0 ,243.80 
5,0 ,0%,0%,-,-,-,0 ,243.80 
4,0 ,0%,0%,-,-,-,0 ,243.80 
3,0 ,0%,0%,-,-,-,0 ,243.80 
2,0 ,0%,0%,-,-,-,0 ,243.80 
1,0 ,0%,0%,-,-,-,0 ,243.80 
30,10 ,100%,50%,33%,56%,6.0,10 ,188.68 
29,9 ,93%,48%,34%,58%,5.2,9 ,188.68 
28,9 ,96%,38%,20%,40%,4.5,9 ,188.68 
27,8 ,90%,39%,22%,45%,3.8,8 ,188.68 
26,8 ,98%,35%,13%,30%,3.5,8 ,188.68 
25,7 ,97%,34%,14%,29%,3.2,7 ,188.68 
24,7 ,96%,28%,15%,35%,2.9,7 ,188.68 
23,5 ,83%,23%,24%,46%,2.5,5 ,188.68 
22,5 ,95%,17%,16%,33%,2.2,5 ,188.68 
21,5 ,94%,15%,17%,37%,2.2,5 ,188.68 
20,4 ,85%,11%,21%,39%,2.0,4 ,188.68 
19,4 ,63%,10%,19%,37%,2.0,4 ,188.68 
18,4 ,77%,9%,34%,55%,2.4,4 ,188.68 
17,3 ,90%,7%,42%,59%,1.8,3 ,188.68 
16,3 ,99%,4%,27%,43%,1.5,3 ,188.68 
15,3 ,81%,7%,54%,71%,1.9,3 ,188.68 
14,2 ,73%,4%,51%,69%,1.5,2 ,188.68 
13,2 ,65%,2%,54%,70%,1.5,2 ,188.68 
12,2 ,62%,3%,64%,78%,1.6,2 ,188.68 
11,2 ,71%,4%,56%,72%,1.6,2 ,188.68 
10,1 ,50%,4%,100%,100%,1.0,1 ,188.68 
9,1 ,33%,2%,100%,100%,1.0,1 ,188.68 
8,1 ,45%,6%,100%,100%,1.0,1 ,188.68 
7,1 ,40%,4%,100%,100%,1.0,1 ,188.68 
6,1 ,60%,4%,100%,100%,1.0,1 ,188.68 
5,0 ,0%,0%,-,-,-,0 ,188.68 
4,0 ,0%,0%,-,-,-,0 ,188.68 
3,0 ,0%,0%,-,-,-,0 ,188.68 
2,0 ,0%,0%,-,-,-,0 ,188.68 
1,0 ,0%,0%,-,-,-,0 ,188.68 
30,5 ,100%,33%,0%,0%,2.0,5 ,218.36 
29,4 ,86%,32%,53%,69%,3.1,5 ,218.36 
28,4 ,93%,20%,55%,71%,3.1,5 ,218.36 
27,3 ,74%,23%,55%,71%,2.4,4 ,218.36 
26,3 ,70%,21%,48%,64%,2.2,4 ,218.36 
25,2 ,78%,21%,70%,83%,1.7,3 ,218.36 
24,2 ,82%,15%,70%,84%,1.7,3 ,218.36 
23,1 ,44%,13%,98%,100%,1.0,2 ,218.36 
22,1 ,52%,9%,100%,100%,1.0,2 ,218.36 
21,1 ,63%,9%,100%,100%,1.0,2 ,218.36 
20,0 ,0%,0%,-,-,-,1 ,218.36 
19,0 ,0%,0%,-,-,-,1 ,218.36 
18,0 ,0%,0%,-,-,-,1 ,218.36 
17,0 ,0%,0%,-,-,-,1 ,218.36 
16,0 ,0%,0%,-,-,-,1 ,218.36 
15,0 ,0%,0%,-,-,-,0 ,218.36 
14,0 ,0%,0%,-,-,-,0 ,218.36 
13,0 ,0%,0%,-,-,-,0 ,218.36 
12,0 ,0%,0%,-,-,-,0 ,218.36 
11,0 ,0%,0%,-,-,-,0 ,218.36 
10,0 ,0%,0%,-,-,-,0 ,218.36 
9,0 ,0%,0%,-,-,-,0 ,218.36 
8,0 ,0%,0%,-,-,-,0 ,218.36 
7,0 ,0%,0%,-,-,-,0 ,218.36 
6,0 ,0%,0%,-,-,-,0 ,218.36 
5,0 ,0%,0%,-,-,-,0 ,218.36 
4,0 ,0%,0%,-,-,-,0 ,218.36 
3,0 ,0%,0%,-,-,-,0 ,218.36 
2,0 ,0%,0%,-,-,-,0 ,218.36 
1,0 ,0%,0%,-,-,-,0 ,218.36 
30,13 ,100%,67%,75%,76%,12.8,13 ,201.40 
29,11 ,78%,79%,59%,73%,8.8,12 ,201.40 
28,10 ,90%,76%,54%,72%,7.5,11 ,201.40 
27,9 ,60%,71%,54%,72%,6.7,10 ,201.40 
26,9 ,85%,62%,44%,64%,6.3,10 ,201.40 
25,9 ,96%,66%,31%,52%,5.4,9 ,201.40 
24,8 ,85%,56%,31%,52%,4.8,8 ,201.40 
23,8 ,82%,50%,24%,45%,4.3,8 ,201.40 
22,7 ,91%,38%,18%,37%,3.5,7 ,201.40 
21,6 ,55%,36%,19%,36%,3.1,6 ,201.40 
20,5 ,83%,32%,27%,49%,2.8,5 ,201.40 
19,5 ,53%,26%,21%,43%,2.5,5 ,201.40 
18,5 ,92%,24%,22%,44%,2.5,5 ,201.40 
17,5 ,96%,21%,18%,37%,2.4,5 ,201.40 
16,5 ,92%,16%,18%,39%,2.4,5 ,201.40 
15,4 ,86%,18%,31%,52%,2.4,4 ,201.40 
14,4 ,67%,11%,25%,48%,2.1,4 ,201.40 
13,4 ,90%,8%,32%,57%,2.3,4 ,201.40 
12,4 ,99%,11%,12%,27%,1.7,4 ,201.40 
11,4 ,92%,10%,31%,53%,2.3,4 ,201.40 
10,3 ,79%,13%,44%,59%,2.2,3 ,201.40 
9,3 ,95%,11%,47%,71%,2.0,3 ,201.40 
8,3 ,97%,13%,15%,28%,1.6,3 ,201.40 
7,3 ,81%,17%,27%,50%,1.6,3 ,201.40 
6,3 ,94%,10%,29%,45%,1.9,3 ,201.40 
5,2 ,24%,9%,77%,87%,1.8,2 ,201.40 
4,2 ,83%,13%,53%,69%,1.5,2 ,201.40 
3,2 ,87%,13%,73%,85%,1.7,2 ,201.40 
2,2 ,84%,22%,64%,78%,1.6,2 ,201.40 
1,2 ,60%,14%,76%,87%,1.7,2 ,201.40 
30,8 ,100%,67%,50%,57%,7.0,8 ,188.68 
29,8 ,82%,71%,55%,73%,6.0,8 ,188.68 
28,7 ,87%,62%,51%,68%,5.2,7 ,188.68 
27,7 ,82%,55%,47%,68%,4.8,7 ,188.68 
26,7 ,82%,52%,41%,62%,4.6,7 ,188.68 
25,6 ,86%,47%,35%,57%,3.8,6 ,188.68 
24,6 ,86%,42%,29%,51%,3.4,6 ,188.68 
23,5 ,85%,33%,33%,56%,3.0,5 ,188.68 
22,5 ,94%,27%,28%,50%,2.8,5 ,188.68 
21,5 ,39%,24%,21%,41%,2.5,5 ,188.68 
20,4 ,81%,21%,37%,58%,2.5,4 ,188.68 
19,4 ,79%,16%,28%,50%,2.2,4 ,188.68 
18,4 ,77%,15%,28%,50%,2.3,4 ,188.68 
17,4 ,91%,13%,26%,48%,2.2,4 ,188.68 
16,3 ,90%,10%,30%,49%,1.8,3 ,188.68 
15,3 ,78%,11%,48%,66%,2.2,3 ,188.68 
14,3 ,56%,8%,29%,49%,1.8,3 ,188.68 
13,2 ,74%,6%,76%,88%,1.7,2 ,188.68 
12,2 ,96%,7%,44%,63%,1.5,2 ,188.68 
11,2 ,67%,5%,55%,71%,1.6,2 ,188.68 
10,1 ,47%,11%,100%,100%,1.0,1 ,188.68 
9,1 ,50%,8%,92%,100%,0.9,1 ,188.68 
8,1 ,50%,8%,100%,100%,1.0,1 ,188.68 
7,1 ,53%,6%,100%,100%,1.0,1 ,188.68 
6,1 ,86%,7%,100%,100%,1.0,1 ,188.68 
5,1 ,13%,8%,100%,100%,1.0,1 ,188.68 
4,1 ,57%,9%,100%,100%,1.0,1 ,188.68 
3,1 ,70%,6%,100%,100%,1.0,1 ,188.68 
2,1 ,60%,9%,90%,100%,0.9,1 ,188.68 
1,1 ,47%,9%,97%,100%,1.0,1 ,188.68 
30,5 ,100%,50%,33%,50%,3.3,5 ,201.40 
29,5 ,93%,35%,67%,83%,4.0,5 ,201.40 
28,5 ,94%,28%,68%,84%,4.1,5 ,201.40 
27,4 ,81%,25%,69%,84%,3.3,4 ,201.40 
26,4 ,84%,18%,60%,77%,3.1,4 ,201.40 
25,3 ,83%,12%,59%,76%,2.3,3 ,201.40 
24,3 ,77%,10%,54%,70%,2.3,3 ,201.40 
23,3 ,87%,6%,53%,73%,2.2,3 ,201.40 
22,3 ,92%,3%,48%,66%,2.2,3 ,201.40 
21,3 ,88%,3%,43%,66%,2.0,3 ,201.40 
20,2 ,95%,2%,56%,72%,1.6,2 ,201.40 
19,2 ,97%,1%,55%,73%,1.5,2 ,201.40 
18,2 ,91%,2%,67%,80%,1.7,2 ,201.40 
17,2 ,50%,1%,60%,86%,1.4,2 ,201.40 
16,2 ,82%,1%,25%,44%,1.1,2 ,201.40 
15,2 ,78%,1%,67%,80%,1.7,2 ,201.40 
14,2 ,100%,0%,50%,67%,1.5,2 ,201.40 
13,2 ,100%,0%,50%,67%,1.5,2 ,201.40 
12,2 ,-,0%,-,-,-,2 ,201.40 
11,2 ,100%,1%,33%,50%,1.3,2 ,201.40 
10,0 ,100%,1%,100%,100%,1.0,0 ,201.40 
9,0 ,75%,2%,100%,100%,1.0,0 ,201.40 
8,0 ,100%,1%,100%,100%,1.0,0 ,201.40 
7,0 ,-,0%,-,-,-,0 ,201.40 
6,0 ,0%,0%,-,-,-,0 ,201.40 
5,0 ,100%,1%,100%,100%,1.0,0 ,201.40 
4,0 ,-,0%,-,-,-,0 ,201.40 
3,0 ,-,0%,-,-,-,0 ,201.40 
2,0 ,50%,1%,100%,100%,1.0,0 ,201.40 
1,0 ,78%,1%,100%,100%,1.0,0 ,201.40 
30,6 ,100%,50%,67%,92%,4.3,6 ,164.30 
29,6 ,89%,63%,49%,65%,4.5,6 ,164.30 
28,6 ,94%,57%,46%,66%,4.2,6 ,164.30 
27,5 ,91%,50%,47%,68%,3.5,6 ,164.30 
26,5 ,85%,42%,34%,56%,3.1,4 ,164.30 
25,5 ,88%,42%,29%,49%,2.9,4 ,164.30 
24,4 ,58%,37%,35%,55%,2.5,4 ,164.30 
23,4 ,90%,30%,29%,50%,2.3,4 ,164.30 
22,4 ,85%,20%,25%,47%,2.1,3 ,164.30 
21,4 ,94%,19%,22%,42%,2.1,3 ,164.30 
20,3 ,73%,13%,30%,49%,1.9,3 ,164.30 
19,3 ,91%,11%,28%,47%,1.8,3 ,164.30 
18,3 ,89%,10%,22%,39%,1.7,2 ,164.30 
17,3 ,87%,8%,24%,42%,1.7,2 ,164.30 
16,3 ,98%,5%,27%,46%,1.7,2 ,164.30 
15,2 ,73%,9%,54%,71%,1.5,2 ,164.30 
14,2 ,92%,6%,43%,61%,1.4,2 ,164.30 
13,2 ,96%,3%,47%,64%,1.5,2 ,164.30 
12,2 ,84%,4%,65%,81%,1.6,2 ,164.30 
11,2 ,83%,5%,58%,73%,1.6,2 ,164.30 
10,1 ,68%,7%,100%,100%,1.0,1 ,164.30 
9,1 ,64%,5%,100%,100%,1.0,1 ,164.30 
8,1 ,38%,6%,100%,100%,1.0,1 ,164.30 
7,1 ,71%,3%,100%,100%,1.0,1 ,164.30 
6,1 ,60%,4%,86%,100%,0.9,1 ,164.30 
5,1 ,78%,5%,100%,100%,1.0,1 ,164.30 
4,1 ,83%,3%,100%,100%,1.0,1 ,164.30 
3,1 ,80%,3%,100%,100%,1.0,1 ,164.30 
2,1 ,73%,7%,100%,100%,1.0,1 ,164.30 
1,1 ,59%,4%,95%,100%,1.0,1 ,164.30 
30,6 ,100%,100%,100%,100%,6.7,8 ,143.10 
29,6 ,69%,98%,100%,100%,6.4,8 ,143.10 
28,6 ,71%,98%,100%,100%,6.4,8 ,143.10 
27,6 ,64%,97%,100%,100%,6.3,8 ,143.10 
26,6 ,61%,98%,100%,100%,6.2,8 ,143.10 
25,5 ,64%,97%,99%,100%,5.1,7 ,143.10 
24,5 ,54%,98%,100%,100%,5.2,7 ,143.10 
23,5 ,56%,96%,99%,99%,5.1,7 ,143.10 
22,5 ,65%,94%,98%,99%,5.0,7 ,143.10 
21,5 ,49%,93%,96%,98%,4.9,7 ,143.10 
20,4 ,58%,89%,95%,97%,3.9,6 ,143.10 
19,4 ,55%,87%,91%,95%,3.8,6 ,143.10 
18,4 ,68%,82%,90%,94%,3.8,6 ,143.10 
17,4 ,72%,77%,86%,92%,3.6,6 ,143.10 
16,4 ,66%,77%,85%,92%,3.6,6 ,143.10 
15,4 ,69%,71%,82%,90%,3.6,5 ,143.10 
14,4 ,81%,61%,79%,88%,3.5,5 ,143.10 
13,4 ,77%,57%,77%,88%,3.4,4 ,143.10 
12,4 ,83%,54%,74%,87%,3.3,4 ,143.10 
11,4 ,39%,51%,76%,87%,3.4,4 ,143.10 
10,2 ,63%,52%,93%,97%,2.0,2 ,143.10 
9,2 ,40%,48%,88%,94%,1.9,2 ,143.10 
8,2 ,47%,54%,90%,95%,1.9,2 ,143.10 
7,2 ,57%,54%,94%,97%,1.9,2 ,143.10 
6,2 ,63%,39%,91%,96%,1.9,2 ,143.10 
5,2 ,47%,43%,95%,98%,1.9,2 ,143.10 
4,2 ,63%,44%,91%,96%,2.0,2 ,143.10 
3,2 ,70%,42%,88%,95%,1.9,2 ,143.10 
2,2 ,61%,45%,92%,96%,2.0,2 ,143.10 
1,2 ,59%,32%,93%,97%,1.9,2 ,143.10 
30,2 ,-,0%,-,-,-,2 ,158.00 
29,2 ,66%,19%,87%,96%,1.8,2 ,158.00 
28,2 ,89%,17%,81%,92%,1.8,2 ,158.00 
27,2 ,81%,12%,74%,88%,1.7,2 ,158.00 
26,2 ,94%,11%,70%,86%,1.6,2 ,158.00 
25,2 ,91%,6%,53%,71%,1.5,2 ,158.00 
24,2 ,82%,6%,52%,71%,1.5,2 ,158.00 
23,2 ,93%,4%,54%,73%,1.5,2 ,158.00 
22,2 ,100%,2%,33%,50%,1.3,2 ,158.00 
21,2 ,89%,2%,36%,56%,1.3,2 ,158.00 
20,1 ,55%,2%,95%,100%,1.0,0 ,158.00 
19,1 ,47%,1%,96%,100%,1.0,0 ,158.00 
18,1 ,92%,1%,100%,100%,1.0,0 ,158.00 
17,1 ,56%,0%,100%,100%,1.0,0 ,158.00 
16,1 ,80%,0%,100%,100%,1.0,0 ,158.00 
15,0 ,0%,0%,-,-,-,0 ,158.00 
14,0 ,0%,0%,-,-,-,0 ,158.00 
13,0 ,-,0%,-,-,-,0 ,158.00 
12,0 ,-,0%,-,-,-,0 ,158.00 
11,0 ,0%,0%,-,-,-,0 ,158.00 
10,0 ,-,0%,-,-,-,0 ,158.00 
9,0 ,-,0%,-,-,-,0 ,158.00 
8,0 ,0%,0%,-,-,-,0 ,158.00 
7,0 ,-,0%,-,-,-,0 ,158.00 
6,0 ,-,0%,-,-,-,0 ,158.00 
5,0 ,-,0%,-,-,-,0 ,158.00 
4,0 ,0%,0%,-,-,-,0 ,158.00 
3,0 ,-,0%,-,-,-,0 ,158.00 
2,0 ,0%,0%,-,-,-,0 ,158.00 
1,0 ,0%,0%,-,-,-,0 ,158.00 
30,7 ,100%,17%,100%,100%,7.0,7 ,143.10 
29,7 ,81%,44%,44%,65%,4.8,7 ,143.10 
28,6 ,82%,44%,45%,68%,4.0,6 ,143.10 
27,6 ,90%,38%,33%,57%,3.5,6 ,143.10 
26,5 ,76%,36%,34%,59%,2.9,5 ,143.10 
25,5 ,92%,29%,23%,44%,2.6,5 ,143.10 
24,4 ,93%,26%,29%,52%,2.2,4 ,143.10 
23,4 ,80%,19%,25%,47%,2.1,4 ,143.10 
22,3 ,79%,18%,26%,44%,1.7,3 ,143.10 
21,3 ,88%,12%,24%,41%,1.7,3 ,143.10 
20,2 ,75%,10%,60%,75%,1.6,2 ,143.10 
19,2 ,64%,8%,54%,71%,1.5,2 ,143.10 
18,2 ,66%,8%,60%,75%,1.6,2 ,143.10 
17,1 ,47%,5%,100%,100%,1.0,1 ,143.10 
16,1 ,63%,4%,98%,100%,1.0,1 ,143.10 
15,1 ,38%,7%,100%,100%,1.0,1 ,143.10 
14,0 ,0%,0%,-,-,-,0 ,143.10 
13,0 ,0%,0%,-,-,-,0 ,143.10 
12,0 ,0%,0%,-,-,-,0 ,143.10 
11,0 ,0%,0%,-,-,-,0 ,143.10 
10,0 ,0%,0%,-,-,-,0 ,143.10 
9,0 ,0%,0%,-,-,-,0 ,143.10 
8,0 ,0%,0%,-,-,-,0 ,143.10 
7,0 ,0%,0%,-,-,-,0 ,143.10 
6,0 ,0%,0%,-,-,-,0 ,143.10 
5,0 ,0%,0%,-,-,-,0 ,143.10 
4,0 ,-,0%,-,-,-,0 ,143.10 
3,0 ,0%,0%,-,-,-,0 ,143.10 
2,0 ,0%,0%,-,-,-,0 ,143.10 
1,0 ,0%,0%,-,-,-,0 ,143.10 
30,2 ,100%,50%,100%,100%,2.0,3 ,139.92 
29,2 ,70%,29%,91%,96%,1.9,3 ,139.92 
28,2 ,66%,22%,86%,93%,1.8,3 ,139.92 
27,2 ,69%,20%,83%,91%,1.8,3 ,139.92 
26,2 ,83%,13%,79%,89%,1.8,3 ,139.92 
25,2 ,73%,12%,72%,86%,1.7,2 ,139.92 
24,2 ,87%,11%,59%,75%,1.6,2 ,139.92 
23,2 ,86%,8%,63%,79%,1.6,2 ,139.92 
22,2 ,74%,4%,69%,86%,1.6,2 ,139.92 
21,2 ,83%,3%,50%,67%,1.5,2 ,139.92 
20,1 ,76%,3%,98%,100%,1.0,1 ,139.92 
19,1 ,56%,2%,97%,100%,1.0,1 ,139.92 
18,1 ,61%,1%,100%,100%,1.0,1 ,139.92 
17,1 ,71%,1%,100%,100%,1.0,1 ,139.92 
16,1 ,60%,1%,90%,100%,0.9,1 ,139.92 
15,1 ,41%,1%,100%,100%,1.0,1 ,139.92 
14,1 ,58%,1%,100%,100%,1.0,1 ,139.92 
13,1 ,67%,0%,100%,100%,1.0,1 ,139.92 
12,1 ,100%,1%,100%,100%,1.0,1 ,139.92 
11,1 ,100%,1%,100%,100%,1.0,1 ,139.92 
10,0 ,0%,0%,-,-,-,0 ,139.92 
9,0 ,0%,0%,-,-,-,0 ,139.92 
8,0 ,-,0%,-,-,-,0 ,139.92 
7,0 ,0%,0%,-,-,-,0 ,139.92 
6,0 ,0%,0%,-,-,-,0 ,139.92 
5,0 ,-,0%,-,-,-,0 ,139.92 
4,0 ,-,0%,-,-,-,0 ,139.92 
3,0 ,-,0%,-,-,-,0 ,139.92 
2,0 ,0%,0%,-,-,-,0 ,139.92 
1,0 ,0%,0%,-,-,-,0 ,139.92 
30,2 ,100%,17%,100%,100%,2.0,3 ,121.90 
29,2 ,65%,28%,89%,95%,1.9,3 ,121.90 
28,2 ,67%,28%,87%,93%,1.9,3 ,121.90 
27,2 ,57%,22%,84%,92%,1.8,3 ,121.90 
26,2 ,77%,15%,72%,84%,1.7,3 ,121.90 
25,2 ,74%,13%,64%,78%,1.6,2 ,121.90 
24,2 ,76%,12%,64%,80%,1.6,2 ,121.90 
23,2 ,89%,8%,63%,78%,1.6,2 ,121.90 
22,2 ,97%,5%,65%,79%,1.7,2 ,121.90 
21,2 ,17%,4%,50%,67%,1.5,2 ,121.90 
20,1 ,69%,3%,100%,100%,1.0,1 ,121.90 
19,1 ,48%,2%,94%,100%,0.9,1 ,121.90 
18,1 ,68%,2%,100%,100%,1.0,1 ,121.90 
17,1 ,73%,1%,89%,100%,0.9,1 ,121.90 
16,1 ,65%,1%,93%,100%,0.9,1 ,121.90 
15,1 ,58%,2%,96%,100%,1.0,1 ,121.90 
14,1 ,78%,1%,100%,100%,1.0,1 ,121.90 
13,1 ,100%,1%,83%,100%,0.8,1 ,121.90 
12,1 ,100%,0%,100%,100%,1.0,1 ,121.90 
11,1 ,67%,1%,67%,100%,0.7,1 ,121.90 
10,0 ,-,0%,-,-,-,0 ,121.90 
9,0 ,0%,0%,-,-,-,0 ,121.90 
8,0 ,0%,0%,-,-,-,0 ,121.90 
7,0 ,0%,0%,-,-,-,0 ,121.90 
6,0 ,0%,0%,-,-,-,0 ,121.90 
5,0 ,-,0%,-,-,-,0 ,121.90 
4,0 ,-,0%,-,-,-,0 ,121.90 
3,0 ,-,0%,-,-,-,0 ,121.90 
2,0 ,0%,0%,-,-,-,0 ,121.90 
1,0 ,0%,0%,-,-,-,0 ,121.90 
30,6 ,100%,50%,33%,67%,3.0,6 ,139.92 
29,6 ,90%,71%,64%,79%,4.8,6 ,139.92 
28,6 ,91%,60%,55%,72%,4.5,6 ,139.92 
27,5 ,84%,53%,67%,82%,4.1,6 ,139.92 
26,5 ,89%,53%,49%,70%,3.5,6 ,139.92 
25,5 ,84%,41%,39%,61%,3.2,5 ,139.92 
24,4 ,76%,35%,45%,65%,2.7,4 ,139.92 
23,4 ,78%,29%,38%,59%,2.5,4 ,139.92 
22,4 ,93%,16%,33%,54%,2.4,3 ,139.92 
21,4 ,89%,17%,27%,48%,2.2,3 ,139.92 
20,3 ,90%,12%,39%,58%,2.0,2 ,139.92 
19,3 ,88%,9%,30%,49%,1.8,2 ,139.92 
18,3 ,87%,9%,42%,58%,2.0,2 ,139.92 
17,3 ,87%,7%,45%,63%,1.9,2 ,139.92 
16,3 ,81%,4%,42%,63%,1.8,2 ,139.92 
15,2 ,84%,5%,69%,80%,1.6,1 ,139.92 
14,2 ,67%,3%,71%,84%,1.6,1 ,139.92 
13,2 ,95%,2%,73%,83%,1.6,1 ,139.92 
12,2 ,100%,1%,100%,100%,1.7,1 ,139.92 
11,2 ,100%,3%,50%,65%,1.4,1 ,139.92 
10,1 ,64%,5%,100%,100%,1.0,1 ,139.92 
9,1 ,67%,4%,100%,100%,1.0,1 ,139.92 
8,1 ,67%,4%,100%,100%,1.0,1 ,139.92 
7,1 ,60%,4%,100%,100%,1.0,1 ,139.92 
6,1 ,50%,3%,100%,100%,1.0,1 ,139.92 
5,1 ,75%,2%,100%,100%,1.0,1 ,139.92 
4,1 ,100%,1%,100%,100%,1.0,1 ,139.92 
3,1 ,67%,2%,100%,100%,1.0,1 ,139.92 
2,1 ,71%,4%,100%,100%,1.0,1 ,139.92 
1,1 ,54%,3%,94%,100%,0.9,1 ,139.92 
30,4 ,100%,33%,50%,80%,2.5,4 ,129.32 
29,4 ,77%,58%,75%,87%,3.4,4 ,129.32 
28,4 ,82%,57%,64%,81%,3.2,4 ,129.32 
27,4 ,83%,50%,63%,79%,3.2,4 ,129.32 
26,4 ,80%,41%,49%,70%,2.8,4 ,129.32 
25,4 ,88%,40%,39%,60%,2.6,4 ,129.32 
24,4 ,74%,32%,36%,58%,2.4,4 ,129.32 
23,3 ,36%,29%,46%,65%,2.1,3 ,129.32 
22,3 ,64%,19%,47%,65%,2.1,3 ,129.32 
21,3 ,60%,17%,35%,55%,1.9,3 ,129.32 
20,2 ,72%,14%,66%,81%,1.6,2 ,129.32 
19,2 ,58%,10%,57%,75%,1.5,2 ,129.32 
18,2 ,71%,11%,57%,74%,1.5,2 ,129.32 
17,2 ,76%,7%,58%,75%,1.6,2 ,129.32 
16,2 ,72%,6%,51%,69%,1.5,2 ,129.32 
15,2 ,52%,7%,70%,83%,1.7,2 ,129.32 
14,2 ,88%,5%,64%,80%,1.6,2 ,129.32 
13,2 ,18%,3%,47%,67%,1.4,2 ,129.32 
12,2 ,100%,1%,40%,57%,1.4,2 ,129.32 
11,2 ,76%,6%,65%,79%,1.7,2 ,129.32 
10,1 ,57%,6%,100%,100%,1.0,1 ,129.32 
9,1 ,86%,4%,100%,100%,1.0,1 ,129.32 
8,1 ,9%,4%,100%,100%,1.0,1 ,129.32 
7,1 ,33%,4%,100%,100%,1.0,1 ,129.32 
6,1 ,44%,3%,80%,100%,0.8,1 ,129.32 
5,1 ,50%,3%,100%,100%,1.0,1 ,129.32 
4,1 ,79%,7%,100%,100%,1.0,1 ,129.32 
3,1 ,73%,7%,100%,100%,1.0,1 ,129.32 
2,1 ,92%,10%,100%,100%,1.0,1 ,129.32 
1,1 ,56%,5%,95%,100%,0.9,1 ,129.32 
30,6 ,-,0%,-,-,-,6 ,129.30 
29,5 ,78%,41%,45%,65%,3.5,5 ,129.30 
28,4 ,86%,35%,45%,62%,2.9,4 ,129.30 
27,4 ,90%,33%,49%,67%,2.9,4 ,129.30 
26,3 ,87%,28%,52%,65%,2.4,3 ,129.30 
25,3 ,71%,25%,49%,64%,2.3,3 ,129.30 
24,3 ,78%,23%,34%,54%,1.9,3 ,129.30 
23,3 ,80%,16%,35%,53%,2.0,3 ,129.30 
22,3 ,81%,10%,32%,51%,1.9,3 ,129.30 
21,3 ,67%,10%,29%,48%,1.8,3 ,129.30 
20,2 ,82%,9%,60%,76%,1.6,2 ,129.30 
19,2 ,81%,6%,50%,68%,1.5,2 ,129.30 
18,2 ,90%,5%,64%,78%,1.6,2 ,129.30 
17,2 ,85%,5%,48%,65%,1.5,2 ,129.30 
16,2 ,82%,3%,39%,56%,1.4,2 ,129.30 
15,1 ,37%,5%,99%,100%,1.0,1 ,129.30 
14,1 ,51%,2%,100%,100%,1.0,1 ,129.30 
13,1 ,86%,1%,100%,100%,1.0,1 ,129.30 
12,1 ,100%,1%,100%,100%,1.0,1 ,129.30 
11,1 ,69%,2%,100%,100%,1.0,1 ,129.30 
10,0 ,-,0%,-,-,-,1 ,129.30 
9,0 ,0%,0%,-,-,-,1 ,129.30 
8,0 ,0%,0%,-,-,-,1 ,129.30 
7,0 ,0%,0%,-,-,-,1 ,129.30 
6,0 ,0%,0%,-,-,-,1 ,129.30 
5,0 ,0%,0%,-,-,-,0 ,129.30 
4,0 ,0%,0%,-,-,-,0 ,129.30 
3,0 ,-,0%,-,-,-,0 ,129.30 
2,0 ,0%,0%,-,-,-,0 ,129.30 
1,0 ,0%,0%,-,-,-,0 ,129.30 
30,9 ,100%,83%,100%,100%,8.0,9 ,122.96 
29,8 ,73%,96%,97%,98%,7.8,9 ,122.96 
28,8 ,65%,96%,97%,98%,7.7,9 ,122.96 
27,8 ,63%,96%,98%,99%,7.7,9 ,122.96 
26,8 ,69%,94%,94%,97%,7.6,9 ,122.96 
25,7 ,68%,92%,92%,95%,6.5,8 ,122.96 
24,7 ,52%,90%,89%,94%,6.4,8 ,122.96 
23,7 ,60%,86%,80%,88%,6.0,8 ,122.96 
22,7,74%,80%,72%,83%,5.7,8 ,122.96 
21,7 ,60%,72%,61%,76%,5.3,8 ,122.96 
20,6 ,64%,66%,62%,77%,4.4,7 ,122.96 
19,6 ,70%,60%,54%,72%,4.2,7 ,122.96 
18,6 ,80%,53%,50%,69%,4.0,7 ,122.96 
17,5 ,71%,50%,55%,73%,3.4,7 ,122.96 
16,5 ,63%,45%,50%,69%,3.2,7 ,122.96 
15,5 ,70%,43%,54%,73%,3.3,6 ,122.96 
14,4 ,72%,34%,59%,75%,2.7,6 ,122.96 
13,4,79%,31%,49%,66%,2.5,5 ,122.96 
12,4 ,84%,27%,48%,69%,2.5,5 ,122.96 
11,4 ,80%,26%,47%,67%,2.5,5 ,122.96 
10,2 ,55%,30%,90%,93%,1.5,3 ,122.96 
9,2 ,56%,25%,91%,94%,1.4,3 ,122.96 
8,2 ,9%,32%,90%,93%,1.5,3 ,122.96 
7,2 ,43%,32%,92%,95%,1.5,3 ,122.96 
6,2 ,60%,26%,89%,92%,1.5,3 ,122.96 
5,2 ,30%,20%,93%,95%,1.4,2 ,122.96 
4,2,63%,30%,89%,94%,1.5,2 ,122.96 
3,2 ,55%,16%,100%,100%,1.7,2 ,122.96 
2,2 ,45%,23%,88%,93%,1.7,2 ,122.96 
1,2 ,40%,19%,91%,95%,1.6,2 ,122.96 
30,4 ,100%,100%,83%,87%,3.8,4 ,102.82 
29,4 ,56%,98%,100%,100%,4.0,4 ,102.82 
28,4 ,57%,98%,100%,100%,4.0,4 ,102.82 
27,4 ,48%,97%,100%,100%,4.0,4 ,102.82 
26,4 ,58%,98%,100%,100%,4.0,4 ,102.82 
25,3 ,47%,97%,99%,100%,3.0,4 ,102.82 
24,3 ,33%,98%,100%,100%,3.0,4 ,102.82 
23,3 ,36%,98%,100%,100%,3.0,4 ,102.82 
22,3 ,48%,97%,100%,100%,3.0,4 ,102.82 
21,3 ,39%,95%,100%,100%,3.0,4 ,102.82 
20,3 ,46%,94%,98%,99%,3.0,3 ,102.82 
19,3 ,45%,95%,97%,99%,3.0,3 ,102.82 
18,3 ,57%,90%,95%,97%,2.9,3 ,102.82 
17,3 ,64%,89%,95%,97%,2.9,3 ,102.82 
16,3 ,65%,86%,92%,96%,2.9,3 ,102.82 
15,3 ,60%,84%,90%,94%,2.9,3 ,102.82 
14,3 ,66%,78%,83%,90%,2.8,3 ,102.82 
13,3 ,67%,74%,82%,89%,2.8,3 ,102.82 
12,3 ,77%,69%,74%,84%,2.6,3 ,102.82 
11,3 ,38%,66%,78%,88%,2.7,3 ,102.82 
10,2 ,64%,62%,89%,95%,1.9,2 ,102.82 
9,2 ,55%,62%,91%,96%,1.9,2 ,102.82 
8,2 ,50%,62%,91%,95%,1.9,2 ,102.82 
7,2 ,64%,67%,91%,95%,1.9,2 ,102.82 
6,2 ,55%,62%,89%,94%,1.9,2 ,102.82 
5,2 ,56%,62%,88%,94%,1.9,2 ,102.82 
4,2 ,70%,59%,85%,92%,1.8,2 ,102.82 
3,2 ,70%,57%,90%,95%,1.9,2 ,102.82 
2,2 ,59%,58%,92%,96%,1.9,2 ,102.82 
1,2 ,59%,32%,91%,95%,1.9,2 ,102.82 
30,3 ,100%,33%,100%,100%,3.0,4 ,93.28 
29,3 ,59%,58%,85%,91%,2.8,4 ,93.28 
28,3 ,70%,57%,79%,87%,2.7,4 ,93.28 
27,3 ,74%,56%,76%,85%,2.7,4 ,93.28 
26,3 ,74%,52%,70%,81%,2.6,4 ,93.28 
25,1 ,38%,47%,100%,100%,1.0,3 ,93.28 
24,1 ,25%,41%,99%,100%,1.0,3 ,93.28 
23,1 ,40%,32%,100%,100%,1.0,3 ,93.28 
22,1 ,36%,24%,100%,100%,1.0,3 ,93.28 
21,1 ,16%,21%,100%,100%,1.0,3 ,93.28 
20,1 ,43%,17%,99%,100%,1.0,2 ,93.28 
19,1 ,20%,13%,98%,100%,1.0,2 ,93.28 
18,1 ,45%,11%,98%,100%,1.0,2 ,93.28 
17,1 ,47%,9%,98%,100%,1.0,2 ,93.28 
16,1 ,40%,7%,100%,100%,1.0,2 ,93.28 
15,0 ,0%,0%,-,-,-,2 ,93.28 
14,0 ,0%,0%,-,-,-,2 ,93.28 
13,0 ,0%,0%,-,-,-,2 ,93.28 
12,0 ,0%,0%,-,-,-,2 ,93.28 
11,0 ,0%,0%,-,-,-,2 ,93.28 
10,0 ,0%,0%,-,-,-,1 ,93.28 
9,0 ,0%,0%,-,-,-,1 ,93.28 
8,0 ,0%,0%,-,-,-,1 ,93.28 
7,0 ,0%,0%,-,-,-,1 ,93.28 
6,0 ,0%,0%,-,-,-,1 ,93.28 
5,0 ,0%,0%,-,-,-,1 ,93.28 
4,0 ,0%,0%,-,-,-,1 ,93.28 
3,0 ,0%,0%,-,-,-,1 ,93.28 
2,0 ,0%,0%,-,-,-,1 ,93.28 
1,0 ,0%,0%,-,-,-,1 ,93.28 
30,0 ,-,0%,-,-,-,4 ,88.00 
29,0 ,0%,0%,-,-,-,4 ,88.00 
28,0 ,0%,0%,-,-,-,4 ,88.00 
27,0 ,0%,0%,-,-,-,4 ,88.00 
26,0 ,0%,0%,-,-,-,4 ,88.00 
25,1 ,32%,35%,99%,100%,1.0,3 ,88.00 
24,1 ,29%,30%,97%,100%,1.0,3 ,88.00 
23,1 ,34%,23%,100%,100%,1.0,3 ,88.00 
22,1 ,30%,16%,99%,100%,1.0,3 ,88.00 
21,1 ,12%,15%,99%,100%,1.0,3 ,88.00 
20,1 ,14%,15%,100%,100%,1.0,2 ,88.00 
19,1 ,13%,9%,98%,100%,1.0,2 ,88.00 
18,1 ,44%,6%,98%,100%,1.0,2 ,88.00 
17,1 ,47%,7%,99%,100%,1.0,2 ,88.00 
16,1 ,35%,5%,100%,100%,1.0,2 ,88.00 
15,0 ,0%,0%,-,-,-,2 ,88.00 
14,0 ,0%,0%,-,-,-,2 ,88.00 
13,0 ,0%,0%,-,-,-,2 ,88.00 
12,0 ,0%,0%,-,-,-,2 ,88.00 
11,0 ,0%,0%,-,-,-,2 ,88.00 
10,0 ,0%,0%,-,-,-,1 ,88.00 
9,0 ,0%,0%,-,-,-,1 ,88.00 
8,0 ,0%,0%,-,-,-,1 ,88.00 
7,0 ,0%,0%,-,-,-,1 ,88.00 
6,0 ,0%,0%,-,-,-,1 ,88.00 
5,0 ,0%,0%,-,-,-,1 ,88.00 
4,0 ,0%,0%,-,-,-,1 ,88.00 
3,0 ,0%,0%,-,-,-,1 ,88.00 
2,0 ,0%,0%,-,-,-,1 ,88.00 
1,0 ,0%,0%,-,-,-,1 ,88.00 
30,4 ,100%,33%,50%,80%,2.5,4 ,80.00 
29,4 ,74%,46%,73%,85%,3.4,4 ,80.00 
28,4 ,76%,49%,77%,88%,3.5,4 ,80.00 
27,4 ,78%,41%,63%,79%,3.2,4 ,80.00 
26,4 ,80%,31%,62%,77%,3.2,4 ,80.00 
25,4 ,79%,31%,48%,68%,2.8,4 ,80.00 
24,4 ,49%,25%,46%,66%,2.8,4 ,80.00 
23,4 ,76%,22%,40%,62%,2.6,4 ,80.00 
22,4 ,66%,16%,40%,65%,2.5,4 ,80.00 
21,4 ,26%,15%,39%,61%,2.6,4 ,80.00 
20,3 ,76%,12%,53%,71%,2.3,3 ,80.00 
19,3 ,73%,7%,46%,65%,2.1,3 ,80.00 
18,3 ,67%,6%,50%,68%,2.2,3 ,80.00 
17,3 ,82%,6%,48%,68%,2.1,3 ,80.00 
16,3 ,77%,5%,47%,64%,2.2,3 ,80.00 
15,3 ,53%,5%,50%,68%,2.2,3 ,80.00 
14,3 ,71%,4%,44%,65%,2.0,3 ,80.00 
13,3 ,100%,3%,41%,64%,1.9,3 ,80.00 
12,3 ,100%,1%,14%,25%,1.7,3 ,80.00 
11,3 ,65%,2%,63%,77%,1.6,3 ,80.00 
10,2 ,77%,3%,67%,80%,1.7,2 ,80.00 
9,2 ,80%,1%,100%,100%,2.0,2 ,80.00 
8,2 ,40%,3%,100%,100%,2.0,2 ,80.00 
7,2 ,100%,11%,71%,86%,1.6,2 ,80.00 
6,2 ,100%,2%,67%,80%,1.7,2 ,80.00 
5,2 ,73%,3%,100%,100%,2.0,2 ,80.00 
4,2 ,22%,2%,100%,100%,2.0,2 ,80.00 
3,2 ,100%,1%,100%,100%,2.0,2 ,80.00 
2,2 ,100%,1%,100%,100%,2.0,2 ,80.00 
1,2 ,34%,2%,61%,80%,1.5,2 ,80.00 
30,5 ,100%,17%,0%,0%,2.0,2 ,90.10 
29,5 ,77%,35%,56%,74%,3.8,2 ,90.10 
28,5 ,85%,30%,34%,55%,3.1,2 ,90.10 
27,5 ,95%,23%,37%,59%,3.1,2 ,90.10 
26,5 ,90%,20%,32%,54%,2.9,2 ,90.10 
25,4 ,63%,23%,28%,49%,2.3,2 ,90.10 
24,4 ,34%,16%,21%,40%,2.1,2 ,90.10 
23,4 ,95%,12%,20%,39%,2.0,2 ,90.10 
22,4 ,80%,9%,16%,31%,2.1,2 ,90.10 
21,4 ,95%,7%,15%,33%,1.9,2 ,90.10 
20,3 ,78%,7%,36%,58%,1.9,2 ,90.10 
19,3 ,84%,4%,22%,38%,1.8,2 ,90.10 
18,3 ,90%,4%,20%,38%,1.6,2 ,90.10 
17,3 ,96%,3%,8%,18%,1.4,2 ,90.10 
16,3 ,96%,3%,13%,27%,1.4,2 ,90.10 
15,2 ,52%,5%,64%,79%,1.6,2 ,90.10 
14,2 ,63%,2%,32%,48%,1.3,2 ,90.10 
13,2 ,100%,2%,25%,44%,1.1,2 ,90.10 
12,2 ,100%,1%,40%,67%,1.2,2 ,90.10 
11,2 ,92%,2%,71%,83%,1.7,2 ,90.10 
10,2 ,77%,3%,67%,80%,1.7,2 ,90.10 
9,2 ,100%,4%,67%,80%,1.7,2 ,90.10 
8,2 ,100%,3%,80%,89%,1.8,2 ,90.10 
7,2 ,100%,2%,33%,67%,1.0,2 ,90.10 
6,2 ,63%,3%,20%,40%,1.0,2 ,90.10 
5,1 ,100%,1%,100%,100%,1.0,1 ,90.10 
4,1 ,100%,3%,100%,100%,1.0,1 ,90.10 
3,1 ,20%,2%,50%,100%,0.5,1 ,90.10 
2,1 ,50%,1%,100%,100%,1.0,1 ,90.10 
1,1 ,52%,1%,100%,100%,1.0,1 ,90.10 
30,1 ,100%,17%,100%,100%,1.0,1 ,87.98 
29,1 ,23%,58%,100%,100%,1.0,1 ,87.98 
28,1 ,24%,62%,99%,100%,1.0,1 ,87.98 
27,1 ,28%,55%,100%,100%,1.0,1 ,87.98 
26,1 ,30%,45%,98%,100%,1.0,1 ,87.98 
25,1 ,26%,47%,98%,100%,1.0,1 ,87.98 
24,1 ,20%,35%,100%,100%,1.0,1 ,87.98 
23,1 ,31%,29%,100%,100%,1.0,1 ,87.98 
22,1 ,26%,25%,99%,100%,1.0,1 ,87.98 
21,1 ,13%,19%,98%,100%,1.0,1 ,87.98 
20,1 ,32%,16%,99%,100%,1.0,1 ,87.98 
19,1 ,40%,11%,98%,100%,1.0,1 ,87.98 
18,1 ,33%,9%,98%,100%,1.0,1 ,87.98 
17,1 ,38%,8%,99%,100%,1.0,1 ,87.98 
16,1 ,40%,7%,99%,100%,1.0,1 ,87.98 
15,1 ,23%,7%,98%,100%,1.0,1 ,87.98 
14,1 ,33%,5%,96%,100%,1.0,1 ,87.98 
13,1 ,57%,3%,94%,100%,0.9,1 ,87.98 
12,1 ,57%,2%,100%,100%,1.0,1 ,87.98 
11,1 ,40%,2%,100%,100%,1.0,1 ,87.98 
10,1 ,71%,3%,100%,100%,1.0,1 ,87.98 
9,1 ,33%,3%,100%,100%,1.0,1 ,87.98 
8,1 ,45%,6%,100%,100%,1.0,1 ,87.98 
7,1 ,43%,4%,100%,100%,1.0,1 ,87.98 
6,1 ,57%,5%,89%,100%,0.9,1 ,87.98 
5,1 ,67%,1%,100%,100%,1.0,1 ,87.98 
4,1 ,70%,5%,100%,100%,1.0,1 ,87.98 
3,1 ,33%,3%,75%,100%,0.8,1 ,87.98 
2,1 ,83%,4%,100%,100%,1.0,1 ,87.98 
1,1 ,24%,3%,97%,100%,1.0,1 ,87.98 
30,7 ,100%,33%,0%,0%,2.0,4 ,87.98 
29,7 ,84%,50%,48%,69%,4.9,4 ,87.98 
28,7 ,84%,52%,42%,65%,4.5,4 ,87.98 
27,7 ,93%,51%,38%,61%,4.3,4 ,87.98 
26,7 ,94%,43%,25%,46%,3.7,4 ,87.98 
25,6 ,86%,41%,29%,54%,3.2,4 ,87.98 
24,6 ,56%,36%,24%,47%,3.1,4 ,87.98 
23,6 ,89%,30%,20%,43%,2.8,4 ,87.98 
22,6 ,79%,25%,22%,46%,2.8,4 ,87.98 
21,6 ,93%,22%,18%,41%,2.5,4 ,87.98 
20,4 ,72%,16%,21%,41%,2.0,4 ,87.98 
19,4 ,90%,11%,18%,37%,1.9,4 ,87.98 
18,4 ,71%,9%,20%,43%,1.9,4 ,87.98 
17,4 ,81%,8%,17%,36%,1.8,4 ,87.98 
16,4 ,83%,6%,22%,43%,2.0,4 ,87.98 
15,3 ,54%,8%,43%,62%,2.1,3 ,87.98 
14,3 ,72%,4%,30%,52%,1.7,3 ,87.98 
13,3 ,94%,5%,8%,18%,1.4,3 ,87.98 
12,3 ,90%,5%,18%,34%,1.6,3 ,87.98 
11,3 ,73%,4%,29%,50%,1.8,3 ,87.98 
10,2 ,94%,5%,78%,93%,1.7,2 ,87.98 
9,2 ,80%,6%,30%,50%,1.2,2 ,87.98 
8,2 ,50%,8%,58%,74%,1.6,2 ,87.98 
7,2 ,50%,3%,50%,67%,1.5,2 ,87.98 
6,2 ,70%,4%,33%,57%,1.2,2 ,87.98 
5,1 ,67%,3%,100%,100%,1.0,1 ,87.98 
4,1 ,75%,4%,100%,100%,1.0,1 ,87.98 
3,1 ,33%,5%,100%,100%,1.0,1 ,87.98 
2,1 ,50%,2%,50%,100%,0.5,1 ,87.98 
1,1 ,40%,3%,100%,100%,1.0,1 ,87.98 
30,6 ,100%,33%,50%,86%,3.5,6 ,84.80 
29,6 ,94%,45%,27%,46%,3.5,6 ,84.80 
28,6 ,96%,38%,29%,50%,3.5,6 ,84.80 
27,6 ,87%,33%,17%,36%,2.8,6 ,84.80 
26,6 ,96%,33%,9%,22%,2.5,6 ,84.80 
25,5 ,96%,34%,13%,30%,2.2,5 ,84.80 
24,5 ,83%,27%,16%,34%,2.3,5 ,84.80 
23,5 ,93%,24%,16%,36%,2.2,5 ,84.80 
22,5 ,97%,19%,10%,26%,2.0,5 ,84.80 
21,5 ,96%,15%,11%,28%,2.0,5 ,84.80 
20,3 ,81%,11%,28%,45%,1.9,3 ,84.80 
19,3 ,70%,11%,21%,36%,1.7,3 ,84.80 
18,3 ,94%,7%,23%,41%,1.7,3 ,84.80 
17,3 ,88%,6%,21%,36%,1.7,3 ,84.80 
16,3 ,90%,4%,8%,17%,1.5,3 ,84.80 
15,3 ,72%,7%,22%,39%,1.7,3 ,84.80 
14,3 ,93%,5%,19%,36%,1.6,3 ,84.80 
13,3 ,100%,2%,18%,33%,1.6,3 ,84.80 
12,3 ,100%,3%,8%,20%,1.3,3 ,84.80 
11,3 ,2%,3%,15%,32%,1.5,3 ,84.80 
10,2 ,100%,3%,20%,33%,1.2,2 ,84.80 
9,2 ,53%,3%,60%,75%,1.6,2 ,84.80 
8,2 ,67%,2%,100%,100%,2.0,2 ,84.80 
7,2 ,100%,1%,100%,100%,2.0,2 ,84.80 
6,2 ,83%,4%,67%,80%,1.7,2 ,84.80 
5,2 ,100%,2%,0%,0%,1.0,2 ,84.80 
4,2 ,100%,2%,0%,0%,1.0,2 ,84.80 
3,2 ,43%,3%,50%,67%,1.5,2 ,84.80 
2,2 ,100%,2%,50%,67%,1.5,2 ,84.80 
1,2 ,71%,3%,56%,75%,1.5,2 ,84.80 
30,0 ,0%,0%,-,-,-,0 ,66.78 
29,0 ,8%,11%,100%,100%,3.0,0 ,66.78 
28,0 ,8%,14%,98%,99%,3.0,0 ,66.78 
27,0 ,8%,15%,100%,100%,3.0,0 ,66.78 
26,0 ,7%,11%,100%,100%,3.0,0 ,66.78 
25,0 ,5%,8%,100%,100%,2.9,0 ,66.78 
24,0 ,6%,11%,100%,100%,2.9,0 ,66.78 
23,0 ,3%,6%,100%,100%,2.9,0 ,66.78 
22,0 ,5%,8%,100%,100%,2.9,0 ,66.78 
21,0 ,3%,6%,100%,100%,2.8,0 ,66.78 
20,0 ,3%,4%,98%,100%,2.8,0 ,66.78 
19,0 ,2%,3%,98%,99%,2.8,0 ,66.78 
18,0 ,2%,2%,100%,100%,2.7,0 ,66.78 
17,0 ,2%,2%,100%,100%,2.9,0 ,66.78 
16,0 ,1%,1%,100%,100%,2.3,0 ,66.78 
15,0 ,1%,1%,100%,100%,2.9,0 ,66.78 
14,0 ,0%,0%,100%,100%,3.0,0 ,66.78 
13,0 ,1%,0%,100%,100%,2.0,0 ,66.78 
12,0 ,1%,0%,100%,100%,2.5,0 ,66.78 
11,0 ,1%,1%,100%,100%,2.7,0 ,66.78 
10,0 ,1%,1%,100%,100%,2.0,0 ,66.78 
9,0 ,0%,0%,-,-,-,0 ,66.78 
8,0 ,2%,1%,100%,100%,3.0,0 ,66.78 
7,0 ,0%,0%,-,-,-,0 ,66.78 
6,0 ,1%,1%,100%,100%,1.0,0 ,66.78 
5,0 ,0%,0%,-,-,-,0 ,66.78 
4,0 ,0%,0%,-,-,-,0 ,66.78 
3,0 ,0%,0%,-,-,-,0 ,66.78 
2,0 ,3%,1%,100%,100%,3.0,0 ,66.78 
1,0 ,1%,0%,100%,100%,2.0,0 ,66.78 
